"first_name","last_name","designation"
"DEBORAH","ALONGE","Analyst"
"SELMA","ANNAS","Analyst"
"BENITO","AGTARAP","Analyst"
"JANIS","ANASAGASTI","Analyst"
"GERALD","ABBENANTE","Analyst"
"DOLORES","ALVERNAZ","Analyst"
"ANTONE","ALEXANDROPOUL","Director"
"ROYCE","AGOSTO","Analyst"
"LATOYA","AMOROSI","Analyst"
"LAKEISHA","APONTE","Director"
"VICTOR","ABDOOL","Senior Analyst"
"ARMAND","AHLHEIM","Analyst"
"MAUREEN","AMARANTE","Analyst"
"KRISTINE","AMMERMAN","Analyst"
"DINA","ANGELETTI","Analyst"
"ARLINE","APPLEBURY","Analyst"
"EMMITT","ALIMENTO","Analyst"
"CORNELIUS","AELING","Senior Analyst"
"GAYLA","ARCHUT","Senior Analyst"
"ISABELLE","ANGERMAN","Analyst"
"RHODA","ANSEL","Analyst"
"ELISHA","ALMARAZ","Senior Analyst"
"SANTIAGO","ADROVEL","Analyst"
"TONI","AMENT","Analyst"
"BRANDIE","ARBOUR","Analyst"
"GWENDOLYN","AMBROSONE","Analyst"
"BETHANY","AMSPAUGH","Associate"
"FRANCINE","ANDREESSEN","Analyst"
"CHRISTI","ANINION","Analyst"
"DUSTIN","ABRAMOFF","Analyst"
"BONITA","ANDREASSEN","Director"
"JERI","ANNING","Analyst"
"MAUDIE","ARENIVAR","Associate"
"TERA","ARGUMEDO","Analyst"
"EBONY","ANDRA","Senior Manager"
"HARLAND","ALLSOP","Analyst"
"FRANKIE","ANETSBERGER","Analyst"
"LOYD","AHR","Associate"
"BRYAN","ABEGG","Analyst"
"ADALBERTO","ALIANO","Analyst"
"CONCEPCION","ANTER","Associate"
"Rainy","inland","Spring"
"ALVA","ALAMPI","Analyst"
"DORA","AMBLE","Analyst"
"FREDDIE","ARESCO","Analyst"
"CARLTON","ADAMIAK","Analyst"
"ANDERSON","ALBA","Senior Analyst"
"CLAUDIA","AMASS","Analyst"
"ALLEN","ABELN","Associate"
"AARON","ABDELMUTI","Analyst"
"JACK","ABBATE","Analyst"
"ANDREA","ALCONCEL","Analyst"
"BURTON","AGUILER","Analyst"
"GENEVIEVE","AMISANO","Analyst"
"GIUSEPPE","ALFONZO","Analyst"
"PARIS","ALIOTTA","Associate"
"Sunny","coastal","Winter"
"Cloudy","mountain","Summer"
"DANA","ALVIDREZ","Analyst"
"KARLA","AMOROS","Analyst"
"OFELIA","ANNIS","Analyst"
"FAUSTINO","ALDERSON","Analyst"
"ALFRED","ABERNATHY","Analyst"
"BEULAH","AMONETTE","Senior Analyst"
"INES","ARB","Analyst"
"GREGG","ADER","Associate"
"JIMMY","ABEDELAH","Analyst"
"ELIZABETH","ALMIRON","Analyst"
"ALBA","ARBEITER","Analyst"
"ELLSWORTH","ALLENBRAND","Senior Analyst"
"WALLACE","ACHORD","Associate"
"TERESITA","ARENTZ","Senior Analyst"
"TERRIE","ANSPACH","Analyst"
"KIMBERLEE","ARCIGA","Analyst"
"BENNIE","ARDRY","Analyst"
"SEAN","ABDULMUNIEM","Analyst"
"ED","ADE","Analyst"
"ZACHARIAH","ALEMANY","Analyst"
"FELICITA","ARMFIELD","Senior Analyst"
"DONNELL","AIMONE","Analyst"
"RODRICK","ALBRIGHT","Senior Analyst"
"ELVIN","AHARON","Analyst"
"RENA","ANDREA","Analyst"
"BIANCA","ANO","Senior Analyst"
"JOHANNA","ANDINO","Associate"
"MORGAN","ANGALICH","Analyst"
"ERIK","ACCORNERO","Analyst"
"ADELINE","ANGLEN","Analyst"
"KYLIE","ARMAND","Analyst"
"CLAYTON","ACHANE","Analyst"
"SIERRA","ARCEO","Analyst"
"LYN","ARISTA","Associate"
"EZRA","ALBERSON","Analyst"
"ANGELO","ADAMCIK","Manager"
"KENT","ACKMANN","Analyst"
"DWAIN","ALGOOD","Analyst"
"FRANCES","ALER","Analyst"
"JAME","ALALEM","Analyst"
"LELAND","ADGER","Analyst"
"ALISSA","APOLO","Analyst"
"CLARICE","ANGRY","Analyst"
"CHARLES","AALDERINK","Analyst"
"SHEREE","APPEL","Analyst"
"DESIREE","ANALLA","Analyst"
"ADDIE","ANDREEN","Analyst"
"IRA","ADAUTO","Manager"
"HORACE","ADAMSKY","Analyst"
"PALMER","ALLEMAND","Analyst"
"Sunny","coastal","Summer"
"Rainy","coastal","Winter"
"DON","ABILA","Analyst"
"MELVA","APKER","Analyst"
"TREVA","ARENAS","Analyst"
"ENID","ARABAJIAN","Analyst"
"LORETTA","ALVOREZ","Associate"
"Rainy","inland","Autumn"
"DIANE","ALQUISIRA","Analyst"
"CORI","ARMITAGE","Analyst"
"JESSE","ABDULKARIM","Analyst"
"DEE","ANNETTE","Senior Analyst"
"TOBIAS","ALFISI","Analyst"
"TRISHA","ANDRLE","Analyst"
"BRIDGETTE","ANSCHUTZ","Analyst"
"ELOISA","ARGIE","Senior Analyst"
"RAUL","ABU","Analyst"
"BERTRAM","ALGHAMDI","Analyst"
"FLORENTINO","ALLABAND","Analyst"
"GAIL","ALVARDO","Analyst"
"GARY","AASEN","Analyst"
"MICHALE","ALLGIRE","Analyst"
"AUTUMN","ANICHINI","Analyst"
"EARNEST","ADELL","Senior Analyst"
"CECILE","ANGERER","Senior Analyst"
"RENE","ACLY","Analyst"
"TIMMY","AFFOLTER","Senior Analyst"
"KEENAN","ALFREY","Analyst"
"ELIDA","AREBALO","Analyst"
"MADONNA","ARIZA","Analyst"
"JEANINE","ANGST","Senior Analyst"
"HERIBERTO","AIMBEZ","Analyst"
"NONA","APODACA","Analyst"
"JULIA","ALTER","Analyst"
"CONNIE","ALESCI","Analyst"
"ESTHER","ALTSCHULER","Analyst"
"ROBERTO","ABRECHT","Analyst"
"KENDRICK","AHIMUD","Senior Analyst"
"KARL","ACCETTURO","Analyst"
"ERASMO","ALLDER","Analyst"
"JOSPEH","ALLIS","Analyst"
"KIM","ADERSON","Analyst"
"JERALD","AGE","Analyst"
"JOLENE","ANGIONE","Analyst"
"ISABELLA","ARCANGEL","Analyst"
"JEFFRY","AHLM","Analyst"
"ROY","ABBOUD","Analyst"
"MERCEDES","ANASTASI","Analyst"
"ODIS","ALDWORTH","Senior Analyst"
"RODRIGO","AHRNS","Analyst"
"STACY","AGLE","Analyst"
"SANG","ALDAMA","Analyst"
"DEENA","APPLEN","Senior Analyst"
"EDWIN","ABIGANTUS","Manager"
"LORRIE","ANTONSEN","Analyst"
"TAMMY","ALSTON","Analyst"
"ERROL","AKO","Analyst"
"KORY","ALEGRIA","Analyst"
"LEMUEL","ALBUS","Analyst"
"TRISTAN","ALAGNA","Associate"
"JAMEY","ALIBERTI","Analyst"
"COLEEN","APUZZO","Analyst"
"SUSANNE","ANGELOZZI","Analyst"
"IRVIN","AFFAGATO","Associate"
"ELMER","ABUNDIS","Analyst"
"STEFANIE","ANGELOCCI","Analyst"
"ADELINA","ARIAS","Senior Analyst"
"ISAAC","ACKERLY","Analyst"
"MARGARET","ALMOND","Analyst"
"SCOT","AILIFF","Analyst"
"BLAKE","ADAMSEN","Analyst"
"RONNIE","ABOOD","Senior Analyst"
"DONG","ALISAUSKAS","Manager"
"ISRAEL","ADESSA","Analyst"
"BLANCHE","AMIGO","Analyst"
"IMELDA","APPLE","Senior Analyst"
"KELSEY","ANDRZEJEWSKI","Analyst"
"TED","ACENCIO","Senior Analyst"
"DONTE","ALGUIRE","Analyst"
"LOURDES","ANDRUSS","Associate"
"LAKISHA","ANYAN","Analyst"
"JACKSON","AHLF","Analyst"
"MAXWELL","AIPPERSPACH","Manager"
"WILLA","ANNARINO","Associate"
"GUS","AHOLT","Analyst"
"NETTIE","ANDRADA","Analyst"
"Sunny","mountain","Autumn"
"CARTER","AKERS","Analyst"
"JACQUELINE","ALTENBACH","Analyst"
"REBA","ANDRICH","Analyst"
"JAVIER","ACEDO","Analyst"
"ELBA","ARBOGAST","Analyst"
"KELLEY","ALLAM","Analyst"
"CARRIE","ALTRINGER","Analyst"
"RAYMON","ALLBERT","Analyst"
"VERN","AID","Analyst"
"KARA","AMPARAN","Analyst"
"STERLING","AGPAOA","Analyst"
"DIANNE","AMEJORADO","Analyst"
"SHERMAN","ADERHOLD","Analyst"
"JEANNINE","ANNABLE","Analyst"
"MAYME","ARLETH","Analyst"
"ISSAC","AIRINGTON","Analyst"
"LUPE","ALESNA","Analyst"
"LAWANDA","APKIN","Analyst"
"GARRY","ADDIS","Senior Analyst"
"MYRTLE","AMBROSE","Senior Analyst"
"ABBY","ANNEN","Analyst"
"KEN","ACHORN","Senior Analyst"
"MAGGIE","AMITH","Analyst"
"DEL","ALLENSON","Senior Analyst"
"JONAH","ALEWINE","Analyst"
"CARSON","AKUNA","Analyst"
"CANDICE","AMOR","Senior Analyst"
"RUBEN","ABSHEAR","Analyst"
"MANUAL","ALLFORD","Senior Analyst"
"SONJA","ANDERE","Associate"
"KRISTIN","AMAKER","Analyst"
"GUILLERMINA","ARGETSINGER","Analyst"
"ELDON","AGOFF","Manager"
"KRISTINA","AMENDOLA","Analyst"
"MYRA","AMR","Analyst"
"ASHLEE","ANTOLOS","Analyst"
"FRANCIS","AMSDEN","Associate"
"GILBERT","ABRUZZESE","Analyst"
"ABRAM","ALIG","Analyst"
"LINDA","ALMEYDA","Analyst"
"DARON","ALIMO","Analyst"
"HAYDEN","ALLSHOUSE","Senior Manager"
"MINH","ALFONSI","Analyst"
"JUNIOR","AGORAS","Analyst"
"TILLIE","ARELLEANO","Analyst"
"LESLIE","ABSTON","Analyst"
"CHERIE","ANGELBECK","Analyst"
"WILHELMINA","AREND","Analyst"
"PIERRE","AGOR","Analyst"
"YOUNG","ALAS","Analyst"
"JEREMY","ABDELLA","Analyst"
"LETICIA","AMREIN","Analyst"
"MANDI","ARMENDAREZ","Analyst"
"MITCHELL","ACAL","Analyst"
"DEIDRA","ARCHANGEL","Senior Analyst"
"LANDON","AKI","Analyst"
"PHILIP","ABDUR","Analyst"
"LIZZIE","ANGLEBERGER","Analyst"
"ROLLAND","ALEXANDERS","Analyst"
"BELLE","ARDS","Analyst"
"ANGELA","ALONZO","Senior Analyst"
"ALLISON","AMARI","Analyst"
"DANNA","ARFLACK","Analyst"
"ASHLEY","AGUMGA","Analyst"
"MERRY","ARICO","Analyst"
"VON","ALLMAN","Analyst"
"LIDIA","ANTELL","Analyst"
"WADE","ACOR","Senior Analyst"
"CHRISTOPER","ALDAPA","Analyst"
"MARKUS","ALGIEN","Senior Analyst"
"LINDSAY","AMERSON","Analyst"
"STEVIE","ALANO","Analyst"
"JOE","ABBASI","Analyst"
"KATHRINE","ANZURES","Analyst"
"ALANA","ANTONIOTTI","Analyst"
"ERICA","ALVEREZ","Analyst"
"MARYBETH","ARDOIN","Analyst"
"LACY","ARABIAN","Analyst"
"JAROD","ALLEGRETTA","Analyst"
"BESS","ARGABRIGHT","Analyst"
"Cloudy","mountain","Winter"
"DESSIE","ARCHIOPOLI","Senior Analyst"
"CANDY","ANG","Analyst"
"BOBBI","ANLIKER","Analyst"
"JEFFREY","ABADIE","Analyst"
"HALEY","ANSELL","Analyst"
"BRITTNEY","ANDRULIS","Senior Manager"
"BETTIE","ANDUJAR","Analyst"
"STEPHEN","ABALOS","Analyst"
"NELSON","ACEY","Analyst"
"BOYD","AFTON","Analyst"
"WILLARD","ACKERS","Analyst"
"KATHARINE","ANICK","Analyst"
"IGNACIO","ADOMAITIS","Senior Manager"
"VIRGIE","ANOS","Analyst"
"LAURETTA","ARMAN","Analyst"
"EVELYN","ALSBERRY","Analyst"
"CHARLOTTE","ALTRO","Analyst"
"ALDO","ALBERTA","Analyst"
"Snowy","mountain","Spring"
"SANFORD","AITA","Analyst"
"SHAYNE","ALLAN","Senior Manager"
"AMY","ALOUF","Manager"
"ELEANOR","ALVA","Senior Analyst"
"VALERIE","ALVACADO","Analyst"
"CORDELL","ALLENBACH","Analyst"
"ROXANNE","AMRINE","Analyst"
"TANISHA","ANTWI","Analyst"
"BERNADINE","ANSELMO","Analyst"
"CARLO","AKBAR","Analyst"
"WILBERT","ADEYEMO","Manager"
"KASEY","APFEL","Analyst"
"ISREAL","ALLERY","Analyst"
"TREVOR","ACUNA","Analyst"
"KATHY","ALSOP","Senior Analyst"
"REID","ALAWDI","Associate"
"TONEY","ALLENDER","Associate"
"ROXANNA","ARLEN","Senior Manager"
"WM","ADDIE","Analyst"
"QUINTIN","ALFERO","Senior Analyst"
"GEORGE","AARDEMA","Associate"
"MIRANDA","ANDERT","Analyst"
"HYMAN","ALLCOCK","Analyst"
"CINDY","ALTMANN","Analyst"
"ORALIA","ARITA","Analyst"
"MATILDE","ARIYOSHI","Analyst"
"ROD","AHAUS","Analyst"
"LUISA","ANNICHIARICO","Analyst"
"REBEKAH","ANDRESS","Senior Analyst"
"MILLARD","AHRENHOLZ","Associate"
"LEE","ABERLE","Analyst"
"BRETT","ABSHER","Analyst"
"JAN","AMMAR","Senior Analyst"
"AIDA","ANDY","Senior Analyst"
"ETHEL","ALTON","Senior Analyst"
"HOBERT","ALLUMS","Analyst"
"Rainy","mountain","Winter"
"RUDY","ADDEO","Analyst"
"FILOMENA","ARMSTEAD","Analyst"
"TRINIDAD","ALDRETE","Analyst"
"EMANUEL","AGCAOILI","Analyst"
"TRACY","ACKLIN","Analyst"
"TAWANA","ARIES","Associate"
"MOLLY","AMIDEI","Analyst"
"SHIELA","ARICAS","Analyst"
"Cloudy","inland","Spring"
"IDA","ALVIRA","Analyst"
"BARBARA","ALMGREN","Manager"
"BENNY","ADELMANN","Analyst"
"FRANK","ABAIR","Analyst"
"LUCILLE","ALUMBAUGH","Analyst"
"SID","ALMAN","Analyst"
"LEEANN","ARCHILA","Analyst"
"CARROL","ALLAMONG","Analyst"
"THANH","ALERS","Analyst"
"BRENT","ABRIL","Analyst"
"MONIQUE","AMISON","Analyst"
"LUCILE","ANNA","Analyst"
"CLIFFORD","ABLES","Manager"
"FREDERICK","ABETRANI","Analyst"
"ABRAHAM","ADAMYAN","Analyst"
"EDGARDO","ALDO","Analyst"
"NATHANAEL","ALLENDORF","Analyst"
"TIA","ANTES","Analyst"
"EILEEN","AMACK","Associate"
"FIDEL","AHLE","Analyst"
"DONNY","AITON","Associate"
"JIMMIE","ANIOL","Analyst"
"TAMERA","ARANO","Manager"
"TAMI","ANDOH","Analyst"
"HERB","ALLEGRETTI","Analyst"
"LIZ","ARAN","Analyst"
"SANDY","ALBERG","Analyst"
"AMIE","ANTONIAK","Senior Analyst"
"CLEO","ANGELO","Analyst"
"HAYDEE","ARMOR","Analyst"
"ANTONIA","ANAND","Analyst"
"ASHLEY","ALSHOUSE","Associate"
"MARSHALL","ACKISON","Analyst"
"ANNEMARIE","ARMILLEI","Analyst"
"CHET","ALGER","Analyst"
"DOLLIE","ANZIDEO","Senior Analyst"
"AURORA","ANDRINGA","Analyst"
"WILMA","AMADOR","Analyst"
"LEONARD","ABELARDO","Analyst"
"ROSA","ALTMAN","Analyst"
"KEVEN","ALEJANDRE","Analyst"
"MAYRA","ANGLES","Associate"
"EDMUNDO","ALMAJHOUB","Analyst"
"TISHA","ARANJO","Analyst"
"ARLENE","AMARAL","Senior Manager"
"RAPHAEL","AHLFIELD","Senior Analyst"
"AMANDA","ALPHA","Analyst"
"RUPERT","ALEXANDER","Analyst"
"EVAN","ACREY","Analyst"
"SUE","ALWINE","Analyst"
"ARACELI","APPELT","Senior Analyst"
"ROLANDO","AERNI","Analyst"
"ADAM","ABDALLA","Analyst"
"NOAH","ADZHABAKYAN","Senior Analyst"
"ELDA","ARCINO","Analyst"
"ODELL","AIPORLANI","Analyst"
"JACLYN","ANGLEY","Director"
"ROSLYN","ANZUALDA","Analyst"
"DEREK","ABOULISSAN","Director"
"LUPE","ANGELOS","Analyst"
"PHILLIS","ARJUNE","Associate"
"IRIS","AMINI","Senior Analyst"
"ELIZA","ANSBACHER","Senior Analyst"
"OLGA","AMEEN","Analyst"
"FRANCISCO","ABLAO","Senior Analyst"
"HAROLD","ABATO","Analyst"
"MAURO","ALEKSEY","Analyst"
"HASSAN","ALFONSO","Associate"
"KENTON","ALEXANDRA","Analyst"
"GRISELDA","AREA","Analyst"
"BEVERLY","ALSPAUGH","Analyst"
"CARISSA","ARAMBULO","Analyst"
"ARIEL","ARGANDONA","Analyst"
"HORTENCIA","ARENSTAM","Analyst"
"CECILIA","AMIDI","Analyst"
"DALE","ABELES","Senior Analyst"
"LOTTIE","ANDRIOPULOS","Analyst"
"PATRICE","ANDREASSI","Analyst"
"DANE","AHLMAN","Analyst"
"SONDRA","ANGLUM","Analyst"
"BERT","ADU","Senior Analyst"
"NOBLE","ALFANDRE","Analyst"
"TANA","ARMBRESTER","Analyst"
"ANNA","ALOY","Analyst"
"ANTHONY","AARSVOLD","Senior Manager"
"JAN","AFZAL","Analyst"
"DALIA","ARLOTTA","Senior Analyst"
"BILL","ABOSHIHATA","Analyst"
"TRACI","AMSTER","Analyst"
"TERRANCE","ACKROYD","Analyst"
"LOLA","AMOLSCH","Analyst"
"CORNELIA","ANNUZZI","Senior Analyst"
"CAROLINA","ANGELLOTTI","Analyst"
"ARRON","ALAMIN","Senior Analyst"
"VALENTINE","ALIAS","Analyst"
"EVERETTE","ALBORNOZ","Analyst"
"TYRELL","ALFREDO","Analyst"
"DAMIAN","AGRESTE","Analyst"
"DINAH","ARHELGER","Analyst"
"CECELIA","ANCELET","Analyst"
"ROBERT","AADLAND","Analyst"
"ROXIE","ANZORA","Senior Analyst"
"CLAUDETTE","ANGWIN","Analyst"
"ANTOINETTE","AMONS","Analyst"
"DORIAN","ALBREKHT","Analyst"
"FELICIA","AMELING","Analyst"
"CARIDAD","ARMWOOD","Analyst"
"RHONDA","ALTVATER","Analyst"
"JANINE","ANGELONI","Analyst"
"NANETTE","AO","Analyst"
"NIKKI","ANDRODE","Senior Analyst"
"AISHA","AQUAS","Analyst"
"WARREN","ABOUSALEH","Analyst"
"ROCKY","AGONOY","Analyst"
"WILL","AGEMY","Analyst"
"BRUCE","ABBS","Senior Analyst"
"ANTONIO","ABEDI","Analyst"
"STAN","AGRESTO","Analyst"
"SANTOS","AGARD","Analyst"
"YESENIA","APKING","Senior Analyst"
"HANNAH","AMORIM","Analyst"
"JULIO","ACEVADO","Senior Analyst"
"ANITA","ALTUM","Analyst"
"ROBERTA","ALVIS","Analyst"
"LEOTA","ARMBRUST","Analyst"
"SHAWNA","ANDON","Manager"
"HOPE","ANANIA","Analyst"
"GILBERTO","ADLING","Senior Manager"
"MARIANO","AKHAND","Analyst"
"CLAUDIO","ALDERTON","Analyst"
"SHARON","ALOAN","Analyst"
"YONG","ARENDER","Associate"
"RUEBEN","ALLSTOTT","Analyst"
"SHAYLA","ARISPE","Analyst"
"ERWIN","AGRON","Analyst"
"LUCRETIA","ARGYLE","Associate"
"ROCCO","AHRENS","Analyst"
"GEORGIA","AMARO","Director"
"BRADFORD","AESCHLIMAN","Associate"
"GLADYS","ALTICE","Analyst"
"ARNULFO","ALBERO","Analyst"
"FERN","ANDRY","Analyst"
"JEFFERY","ABEND","Associate"
"ROBBIE","ANGUS","Analyst"
"MAI","AQUILINO","Analyst"
"BRIANA","APPELMAN","Analyst"
"BENNETT","ALAMEDA","Analyst"
"CAREY","AHART","Associate"
"DANETTE","AREOLA","Senior Analyst"
"REBECA","ARDNER","Analyst"
"WENDI","APPERT","Analyst"
"CHERI","ANDREOLI","Analyst"
"AUGUSTUS","ALEIZAR","Associate"
"DESTINY","AREIAS","Associate"
"SILAS","AJELLO","Analyst"
"KERRI","ANDRIS","Senior Analyst"
"GAYLORD","ALLGAIER","Analyst"
"NINA","AMBURGEY","Analyst"
"MITCHEL","ALBAN","Analyst"
"MARYANNE","APGAR","Senior Manager"
"MADELINE","AMIRI","Analyst"
"NOLA","ANSELMI","Analyst"
"ISABELL","ARKINS","Analyst"
"MONICA","ALTROGGE","Senior Analyst"
"ROCHELLE","ANCAR","Manager"
"JERMAINE","ADESSO","Analyst"
"JERE","ALMEIDA","Analyst"
"CLARENCE","ABDULMATEEN","Analyst"
"Snowy","mountain","Autumn"
"ELDRIDGE","ALLIMAN","Analyst"
"GARTH","ALAND","Analyst"
"ESMERALDA","ANTONACCI","Analyst"
"ELIJAH","AGAN","Associate"
"MARIA","ALMODOVAR","Analyst"
"ENRIQUE","ACOCK","Analyst"
"DREW","ADOLF","Analyst"
"FERNANDO","ACEE","Senior Analyst"
"Snowy","inland","Autumn"
"RYAN","ARMENTOR","Analyst"
"LUELLA","ANKENMAN","Analyst"
"GENEVA","AMERT","Analyst"
"IVETTE","ARGUELLEZ","Analyst"
"DEAN","ABRAM","Associate"
"MARISSA","ANDROSKY","Senior Analyst"
"EARLE","ALBERTINI","Analyst"
"MARLIN","AHLBRECHT","Associate"
"TAMELA","ARMENTO","Analyst"
"MELISA","ANTILLON","Analyst"
"HARRY","ABDALLAH","Analyst"
"DELLA","AMOS","Analyst"
"THOMAS","AAMODT","Analyst"
"JAYNE","ANGLETON","Senior Analyst"
"ERNEST","ABDUL","Associate"
"BETH","ALYEA","Analyst"
"WILLIS","ADAN","Analyst"
"DANNY","ABEE","Analyst"
"SUN","ARDIZZONE","Analyst"
"BRADLEY","ABES","Analyst"
"BO","ALIBOZEK","Analyst"
"CHESTER","ABUBAKR","Analyst"
"LILLIE","AMASON","Analyst"
"SHELBY","AIAVA","Associate"
"LYNN","ADAMEC","Analyst"
"ZELLA","ARIMAS","Analyst"
"LEE","AMMER","Analyst"
"NED","AHLSTEDT","Analyst"
"DELOIS","ARJES","Analyst"
"ELI","AGOSTA","Analyst"
"ALEJANDRA","ANTONIUK","Analyst"
"RHEA","ARANDA","Analyst"
"ART","AIU","Analyst"
"Rainy","mountain","Summer"
"ANNE","ALTEMUS","Analyst"
"JENNIE","AMBROZ","Senior Manager"
"FREEMAN","ALAR","Analyst"
"BRADLY","ALEXIDOR","Analyst"
"VERNA","AMON","Analyst"
"BERTA","APPIAH","Analyst"
"CLAIRE","AMERMAN","Analyst"
"HOUSTON","ALAI","Analyst"
"KELLEY","ANCIC","Analyst"
"EARL","ABED","Analyst"
"ANTWAN","ALCARAZ","Associate"
"VICTORIA",NULL,"Analyst"
"SAMATHA","ARISUMI","Analyst"
"OWEN","ADIL","Associate"
"JOSIAH","ALDAS","Analyst"
"VIVIAN","ALVIREZ","Analyst"
"URSULA","ANGLEA","Senior Analyst"
"TANYA","AMATO","Analyst"
"MARTHA","ALPERS","Analyst"
"CELIA","AMOROSE","Analyst"
"BRANDY","AMEDURI","Analyst"
"ROGER","ABBAS","Analyst"
"JOSEF","ALBRACHT","Analyst"
"KIP","ALEXIOU","Analyst"
"DARRON","ALIX","Analyst"
"AILEEN","ANNALA","Analyst"
"JENNA","ANCONA","Analyst"
"ALBERTO","ACIERNO","Senior Analyst"
"SHEENA","ANGSTADT","Analyst"
"NELLIE","AMAUTY","Director"
"ALLENE","ARDERY","Analyst"
"ANTOINE","AGOSTINELLI","Analyst"
"JAMEL","ALBANI","Associate"
"KATHERYN","ARAMBUIA","Senior Analyst"
"PAMALA","ARDINGER","Associate"
"JUSTINA","ARCIZO","Analyst"
"FREDRICK","ACORS","Manager"
"JOHN","AABY","Analyst"
"MARGUERITE","AMICK","Senior Analyst"
"CARA","ANDRES","Senior Analyst"
"CRAIG","ABDULLA","Analyst"
"BUDDY","AGUNOS","Analyst"
"MALIK","ALLI","Analyst"
"CESAR","ADAY","Analyst"
"WILMER","AKIONA","Senior Analyst"
"VERA","AMANCIO","Analyst"
"BORIS","ALBIN","Analyst"
"LELIA","ARAGONES","Analyst"
"AUBREY","AGARWAL","Analyst"
"LUCINDA","ANDREU","Analyst"
"RICARDO","ABREV","Analyst"
"BETTE","ANGELSON","Analyst"
"JAIME","ACHTERHOF","Analyst"
"GLENN","ABEN","Analyst"
"REY","ALLOCCO","Senior Analyst"
"LANA","ANDERHOLM","Analyst"
"ANTIONETTE","ARCHEY","Analyst"
"OLLIE","AIKMAN","Analyst"
"BERNADETTE","AMSTEIN","Analyst"
"ROBBY","ALAIBILLA","Manager"
"PABLO","ADAMO","Senior Analyst"
"CHARLIE","ABROM","Analyst"
"RIGOBERTO","AHUNA","Senior Manager"
"RAYMOND","ABAR","Analyst"
"MERVIN","ALBANESE","Analyst"
"LORENZO","ADAMOS","Senior Analyst"
"BROOKE","AMSLEY","Analyst"
"LIZA","ANTRIM","Associate"
"FAITH","ANDINA","Analyst"
"LATISHA","ANREOZZI","Analyst"
"CHANDRA","ANTIGUA","Associate"
"BRENDA","ALOSTA","Analyst"
"LILIAN","APELA","Analyst"
"MILAGROS","ANTOLAK","Analyst"
"CORY","ACCOLA","Analyst"
"ADELE","ANDRESEN","Analyst"
"ARLEEN","AREIZAGA","Associate"
"COURTNEY","AFURONG","Analyst"
"MARILYNN","ARGUST","Analyst"
"GENA","APPELLO","Analyst"
"KIRA","ARIOLA","Analyst"
"HIRAM","AIKENS","Senior Analyst"
"ROLF","ALLOCCA","Analyst"
"THADDEUS","AHLEMEYER","Analyst"
"MILDRED","ALSBURY","Analyst"
"LAURIE","ALWARD","Analyst"
"TORI","ARCE","Analyst"
"BECKY","AMEMIYA","Analyst"
"CLINT","ADLOFF","Associate"
"STEPHANIE","ALPHEAUS","Analyst"
"LEN","ALLEE","Analyst"
"CHELSEA","AMUNDSON","Analyst"
"FATIMA","ARELLANO","Senior Manager"
"BETTY","ALMSTEADT","Analyst"
"TITUS","ALLBRITTON","Analyst"
"LOUIS","ABDELHAMID","Associate"
"ADRIANA","ANDREOLA","Analyst"
"OPHELIA","APLINGTON","Analyst"
"MARGE","ARMS","Senior Manager"
"AGATHA","ARGUDO","Senior Analyst"
"JULIANA","APELIAN","Analyst"
"BARBRA","ANSARA","Analyst"
"DUNCAN","ALARCONE","Analyst"
"ABDUL","ALBAUGH","Analyst"
"MARLA","ANDREAS","Analyst"
"ALEXIS","ANDA","Analyst"
"TAMMIE","ANDREASEN","Analyst"
"ELVIS","AIGNER","Analyst"
"ALFONZO","ALDAPE","Analyst"
"CYRUS","ALANIS","Senior Manager"
"LESA","ARCA","Associate"
"ERNESTO","ADAMIK","Analyst"
"JULIET","ARABIE","Senior Analyst"
"CLARISSA","ANTEE","Analyst"
"WALDO","ALEXANIAN","Analyst"
"RAMIRO","ADULE","Associate"
"MICHAEL","AAGAARD","Analyst"
"GRACIELA","ANGIOLELLI","Analyst"
"DEWITT","ALDEN","Analyst"
"JACINTO","ALMA","Associate"
"MARISOL","ANGRISANO","Associate"
"MARGIE","AMBUEHL","Associate"
"BARB","ARKIN","Analyst"
"NUMBERS","AKIMSEU","Director"
"MARTIN","ABDOU","Senior Analyst"
"EDGAR","ABT","Analyst"
"JEAN","ADAS","Analyst"
"NORBERTO","ALCORTA","Analyst"
"AUGUST","AGRICOLA","Analyst"
"ESTER","ANGILERI","Senior Analyst"
"FRANCESCA","ARAQUE","Analyst"
"DAPHNE","ANGIER","Analyst"
"ADAN","AKIMA","Senior Analyst"
"MURIEL","AMWEG","Analyst"
"BRANDEN","AKIM","Analyst"
"AMOS","AFALAVA","Analyst"
"LAURA","ALOI","Analyst"
"ORA","ANDRACKI","Analyst"
"ISIDRO","AJA","Director"
"CHI","ALEXANDRIA","Analyst"
"GAVIN","AINI","Analyst"
"MANDY","ANDERS","Analyst"
"GIL","ALCALDE","Analyst"
"MICHAL","ALMASI","Senior Analyst"
"MADELYN","APPLEGARTH","Analyst"
"CASEY","ACHZET","Analyst"
"LINDSEY","ALBEE","Manager"
"JARVIS","AIRD","Analyst"
"DELMA","AREDONDO","Analyst"
"JAMAAL","ALDECOA","Analyst"
"CHUNG","ALIAGA","Associate"
"MAY","ANDERLIK","Analyst"
"ESPERANZA","ANGELINI","Senior Analyst"
"ALBERTA","AMIS","Analyst"
"MELBA","ANDRACHAK","Analyst"
"LOGAN","AGNER","Analyst"
"ANASTASIA","APRESA","Analyst"
"MICHEL","AHMAD","Analyst"
"RETA","ARMADA","Senior Analyst"
"Rainy","inland","Summer"
"LORI","ALSUP","Analyst"
"RICH","ALBANG","Senior Analyst"
"MELLISSA","ARLINGHAUS","Senior Analyst"
"ROSS","ACKERT","Senior Analyst"
"BRODERICK","ALMERICO","Analyst"
"LUIS","ABEL","Analyst"
"CHRIS","ABE","Analyst"
"JACKIE","ACOTHLEY","Analyst"
"TYSON","AGUILAR","Analyst"
"WARNER","ALLEX","Analyst"
"PENNY","AMDAHL","Analyst"
"JACQUELYN","AMPARO","Manager"
"NEWTON","ALES","Analyst"
"JAYSON","AINSLIE","Analyst"
"LEIF","ALMANZA","Analyst"
"PHILLIP","ABDULA","Analyst"
"DOLLY","ANNE","Analyst"
"JOANNE","ALUQDAH","Analyst"
"ARON","ALBOR","Analyst"
"EDWARD","AARON","Analyst"
"DOUG","ADALJA","Analyst"
"NOEMI","ANTRICAN","Analyst"
"BRENTON","ALDERETE","Senior Analyst"
"IAN","ACHOR","Analyst"
"ALEXIS","AHRENDS","Analyst"
"KENDRA","AMSTRONG","Analyst"
"KRISTAL","ARMOLD","Senior Manager"
"LOU","ALGEE","Analyst"
"JAMES","AABERG","Analyst"
"ALBERT","ABBATIELLO","Analyst"
"STACI","ANIMASHAUN","Analyst"
"DEVIN","ADERHOLT","Analyst"
"LUZ","AMOA","Analyst"
"JARED","ACCARDO","Analyst"
"MARIANNE","AMOUS","Analyst"
"KERRIE","ARMER","Senior Analyst"
"WALKER","ALEXNDER","Analyst"
"NATHANIEL","ABSHIRE","Analyst"
"MARIAN","AMBERS","Analyst"
"ULYSSES","AILTS","Senior Analyst"
"MATT","ADAME","Analyst"
"MIRIAM","AMELL","Analyst"
"JEROME","ABPLANALP","Analyst"
"OPAL","AMMON","Senior Analyst"
"LARISSA","ARIZAGA","Analyst"
"ZACKARY","ALLIANCE","Senior Analyst"
"ARTHUR","ABBADESSA","Analyst"
"TRACY","ALTIG","Analyst"
"BELINDA","AMESBURY","Analyst"
"CAMILLA","ARCUDI","Analyst"
"RAYMUNDO","ALA","Analyst"
"WANDA","ALTENBURG","Senior Manager"
"BERNICE","ALVERO","Analyst"
"LYNDA","AMIRAULT","Analyst"
"CAROLYN","ALPHIN","Analyst"
"FOREST","ALBALADEJO","Senior Analyst"
"DEBBY","ARENDZ","Analyst"
"ASHLEIGH","ARDD","Analyst"
"CONCETTA","ARBALLO","Analyst"
"SONIA","AMELIO","Analyst"
"ROXANA","ARMLIN","Manager"
"RUTHIE","ANSLOAN","Associate"
"LEIGH","ALLERTON","Analyst"
"HUEY","ALGIER","Associate"
"TIM","ABRAHAMS","Analyst"
"DAVE","ACIMOVIC","Senior Analyst"
"CORTEZ","ALLINDER","Analyst"
"VICENTE","AGIN","Senior Analyst"
"CLEVELAND","AGREDANO","Analyst"
"RUDOLPH","ADDAIR","Analyst"
"DELBERT","ADELBLUE","Analyst"
"AUBREY","ARDUINI","Analyst"
"Sunny","coastal","Autumn"
"MAURICIO","AIKEN","Senior Analyst"
"ANNETTA","ARM","Analyst"
"PATTY","AMOROSO","Analyst"
"CHARLES","ARMSTER","Analyst"
"JACQUES","AKMAL","Analyst"
"COREY","ABRAMS","Analyst"
"JANNIE","ARAI","Analyst"
"TYRON","ALHADDAD","Analyst"
"LINDSEY","AMERO","Analyst"
"RENE","ANKLAM","Analyst"
"AMBER","ALTY","Associate"
"EDNA","ALTIMUS","Associate"
"Snowy","mountain","Summer"
"VICKI","ALZATE","Analyst"
"GWEN","ANCIRA","Analyst"
"CHARITY","ANGON","Analyst"
"JEWELL","ANGELI","Manager"
"ELDEN","ALMENAR","Analyst"
"JERROLD","ALEX","Analyst"
"Sunny","inland","Autumn"
"ANGEL","ABSHIER","Analyst"
"DEWAYNE","AGEL","Analyst"
"LAVERNE","ALAMILLA","Analyst"
"DAISY","AMER","Associate"
"Cloudy","mountain","Autumn"
"DENA","ANEWALT","Analyst"
"DARREL","ADRID","Analyst"
"HUNG","ALAMILLO","Analyst"
"CLAY","AERTS","Analyst"
"ISMAEL","ADNER","Analyst"
"FREDDIE","ACOFF","Analyst"
"KING","ALIMENT","Analyst"
"Cloudy","coastal","Summer"
"GERMAN","AKINS","Senior Manager"
"VALENCIA","ARLEDGE","Manager"
"MAMIE","AMODT","Analyst"
"KELLIE","ANDERBERG","Analyst"
"SCOTTY","AHAL","Analyst"
"MAXINE","AMBRES","Analyst"
"MERLIN","AKAMIRO","Senior Analyst"
"PAMELA","ALPERN","Analyst"
"DALE","ANNESS","Analyst"
"HERMAN","ABRAMSON","Associate"
"CASSIE","ANES","Analyst"
"GERMAINE","ARCENEAUX","Analyst"
"LOU","ANGELOU","Analyst"
"GUADALUPE","ADHAMI","Analyst"
"GARRETT","ADELSTEIN","Analyst"
"ERNIE","AGUAS","Analyst"
"ANDREAS","ALLEGRINI","Analyst"
"COLETTE","APILADO","Analyst"
"SETH","ACKMAN","Senior Analyst"
"HANS","AGUADA","Analyst"
"PANSY","ARBO","Analyst"
"MARYANN","AMMIRATO","Senior Analyst"
"ERNA","ARAB","Analyst"
"DARRELL","ABOYTES","Analyst"
"DARLENE","ALVARENGO","Analyst"
"LAVERN","ALBY","Analyst"
"VEDA","ARGUILLO","Senior Analyst"
"COLLEEN","AMARGO","Analyst"
"ANGELIQUE","ARANT","Analyst"
"MARJORIE","ALTRECHE","Analyst"
"ROSEMARY","AMACHER","Associate"
"NEIL","ACE","Senior Analyst"
"TY","AHYOU","Manager"
"DOUGLASS","ALLEN","Analyst"
"TOD","ALEGAR","Analyst"
"ROSIE","AMILL","Analyst"
"THEODORE","ABLER","Analyst"
"KEVIN","AAS","Analyst"
"JULIUS","ACRI","Senior Analyst"
"VICKIE","AMBOISE","Analyst"
"JAMISON","ALFF","Analyst"
"WINFRED","AKEN","Manager"
"AVIS","ANTINORO","Senior Analyst"
"LEANDRO","ALLSUP","Analyst"
"MEREDITH","ANASTASIA","Analyst"
"SCOTT","ABAJA","Analyst"
"GRAHAM","AHNE","Analyst"
"EZEKIEL","ALKIRE","Analyst"
"TAD","ALDRICH","Analyst"
"KERMIT","AGURS","Analyst"
"ESTELLE","ANA","Analyst"
"SALLY","ALVERAZ","Analyst"
"CATHLEEN","ANHALT","Analyst"
"SEYMOUR","ALBEN","Senior Analyst"
"HOWARD","ABDELWAHED","Analyst"
"NORMAND","ALCOCK","Analyst"
"VAL","ALLAWAY","Analyst"
"KARINA","ANTONACCIO","Analyst"
"HEATH","AGNES","Analyst"
"AUDRA","ANNON","Analyst"
"NICKY","ALLIGOOD","Analyst"
"MICAH","AGNE","Analyst"
"BUCK","ALMAREZ","Analyst"
"KEISHA","ANGIS","Analyst"
"REED","AIELLO","Analyst"
"JANELL","ARAYA","Analyst"
"PORFIRIO","ALDROW","Analyst"
"FRANCIS","ABERSON","Analyst"
"CONRAD","ADWELL","Analyst"
"LYNETTE","ANASTASIADES","Senior Analyst"
"ANGELINA","AMYS","Senior Analyst"
"SALVATORE","ADEMA","Analyst"
"TOMASA","ARMEN","Analyst"
"EVE","ANTONAKOS","Analyst"
"BERTIE","ARBAUGH","Associate"
"CLARK","ADI","Analyst"
"MARYELLEN","ARAMINI","Analyst"
"LILIANA","APPLEYARD","Analyst"
"MARQUITA","ARANEO","Senior Analyst"
"SHEILA","ALTOMONTE","Analyst"
"KASEY","ALLSBROOKS","Analyst"
"HAYWOOD","ALKINS","Analyst"
"RODGER","AGNEW","Associate"
"TERRI","AMACKER","Analyst"
"SHELTON","AKUCHIE","Analyst"
"MICHELLE","ALOE","Analyst"
"ALISHA","ANDRAS","Analyst"
"ETTA","ANDRION","Analyst"
"GAIL","ALBRASHI","Senior Analyst"
"RITA","ALTIDOR","Analyst"
"DION","AINSWORTH","Analyst"
"MICHEAL","ABLEMAN","Director"
"LORENA","ANDERA","Analyst"
"DESMOND","AGUIRRE","Analyst"
"CYNTHIA","ALONZA","Senior Manager"
"CASANDRA","ARAGONI","Analyst"
"CRISTOPHER","ALLIN","Analyst"
"CHARLEY","AKANDE","Analyst"
"TEDDY","AGENT","Analyst"
"NOEL","ADELMUND","Analyst"
"ANDREW","ABALOZ","Analyst"
"EARLENE","ANTTILA","Analyst"
"TERRELL","AFAN","Analyst"
"FLETCHER","AKLEY","Associate"
"Sunny","inland","Spring"
"LINDSAY","ALME","Analyst"
"CURTIS","ABELLERA","Associate"
"SAMMY","ADJUTANT","Analyst"
"ZACK","ALLEVATO","Associate"
"KAY","AMDERSON","Director"
"PAULINE","ALTSHULER","Senior Analyst"
"CHARLENE","AMANO","Analyst"
"ANNABELLE","ANTROBUS","Analyst"
"LYNDON","ALFREDS","Analyst"
"ERICH","ALATORRE","Analyst"
"BUSTER","ALIZADEH","Analyst"
"ABBIE","ARCUO","Analyst"
"GRANT","ADAMSKI","Analyst"
"WELDON","AIVAO","Analyst"
"MOISES","AHLBERG","Senior Analyst"
"ELISABETH","ANDUJO","Analyst"
"JORDAN","ANTONINI","Senior Manager"
"RACHEL","ALT","Senior Analyst"
"MATTIE","AMBOREE","Analyst"
"JILLIAN","ANGELICO","Analyst"
"LAWERENCE","ALIFF","Analyst"
"TAMRA","APYUAN","Senior Analyst"
"CHRYSTAL","APARO","Senior Analyst"
"AVERY","AHONEN","Senior Analyst"
"SANDRA","ALNAS","Analyst"
"RICHARD","AALBERS","Analyst"
"ZOILA","ARMACOST","Senior Analyst"
"AURELIO","AKEMON","Analyst"
"EMERSON","AKKERMAN","Analyst"
"ANDREA","ALTAMIRANO","Manager"
"ELISEO","ALCANTAR","Analyst"
"ALYSON","ARBETMAN","Analyst"
"LAKESHA","ARDEN","Analyst"
"REYNALDO","AGER","Analyst"
"VALENTIN","ALBERGOTTI","Analyst"
"BRIANNE","AREVALOS","Analyst"
"VERNICE","ARIAZA","Analyst"
"LINA","APE","Analyst"
"CEDRIC","ADEN","Analyst"
"DOROTHEA","ANGELILLI","Associate"
"SELENA","ANTUNEZ","Analyst"
"DARIO","ALESSI","Associate"
"ROCIO","ARCURI","Senior Analyst"
"CARYN","ARDITO","Analyst"
"CAROL","ALDER","Analyst"
"JEROLD","ALCOSIBA","Manager"
"LEWIS","ABRAMOWITZ","Senior Analyst"
"JOHNSON","ALLERUZZO","Analyst"
"EDISON","ALLAMAN","Senior Analyst"
"PETE","ADDIEGO","Analyst"
"GRAIG","ALMADA","Senior Analyst"
"HARLEY","AGNEY","Senior Analyst"
"MARLENE","AMAYA","Analyst"
"KAYE","APALATEGUI","Senior Analyst"
"HILDA","AMBROSIUS","Analyst"
"ALENE","ARILDSEN","Analyst"
"MINERVA","ANSOATEGUI","Senior Manager"
"ORVILLE","ADNEY","Analyst"
"JANEL","ARGUIJO","Senior Analyst"
"ALLYSON","ANTOLINI","Analyst"
"SYDNEY","ALBERT","Analyst"
"CHUCK","AGRESTA","Analyst"
"JENIFER","ANESI","Analyst"
"SUZAN","ARISMENDEZ","Analyst"
"LUIGI","ALLYNE","Analyst"
"EMERY","AINLEY","Analyst"
"AGUSTIN","AGUDO","Senior Analyst"
"RASHAD","ALIM","Analyst"
"SHARRON","ANTHES","Analyst"
"JANET","ALPIS","Analyst"
"JASPER","AGRIOS","Analyst"
"LINO","ALLEGRE","Analyst"
"MAYA","ARINGTON","Associate"
"CARMEN","ALTKEN","Analyst"
"MIKEL","ALFARO","Analyst"
"ALFREDA","APSHIRE","Analyst"
"CALVIN","ABO","Analyst"
"LILIA","ANTONIO","Analyst"
"MARILYN","ALTADONNA","Analyst"
"CANDACE","AMMIRATA","Analyst"
"MARY","AIROLA","Analyst"
"WILTON","ALDAY","Analyst"
"MARCUS","ABLE","Analyst"
"LYNNE","AMOTT","Associate"
"TERRY","ABBED","Analyst"
"EDDIE","APLING","Analyst"
"BOBBIE","AMEN","Analyst"
"TOMMIE","AFFLICK","Analyst"
"LLOYD","ABOUD","Analyst"
"SHERRY","ALTOBELLI","Senior Analyst"
"SOCORRO","ANKERSEN","Analyst"
"SUSIE","AMOAH","Analyst"
"LUCIO","ALBRITTAIN","Senior Analyst"
"EUGENIA","ANELLO","Analyst"
"JUDI","ARCHDALE","Analyst"
"RON","ABUSUFAIT","Analyst"
"ROSEANN","APONTA","Senior Analyst"
"RAMONA","AMERICA","Analyst"
"FREDDY","AGORO","Analyst"
"SADIE","AMSPOKER","Analyst"
"ELMO","ALBISTON","Analyst"
"BRYCE","AGOSTI","Analyst"
"LEONA","AMELA","Senior Analyst"
"MERRILL","AKANA","Analyst"
"DONA","ANTHON","Associate"
"BERTHA","ALVARENGA","Analyst"
"STACEY","AHSING","Analyst"
"QUINTON","AHEARN","Analyst"
"CORRINE","ANTENOR","Analyst"
"TARYN","ARENDSEE","Analyst"
"KERI","ANGLE","Analyst"
"ADELA","ANSELM","Analyst"
"JEWEL","ANDREPONT","Analyst"
"RICKIE","AICHELE","Analyst"
"ABEL","AFSHAR","Analyst"
"WALLY","ALLY","Analyst"
"BILLIE","AMEIGH","Senior Analyst"
"JOHNNIE","AMSBERRY","Analyst"
"EUNICE","AMINOV","Analyst"
"DEBORA","ANGELA","Analyst"
"ALVARO","AHLIN","Senior Analyst"
"HALLIE","AR","Analyst"
"MONTE","AGUADO","Analyst"
"MABLE","AMUNRUD","Analyst"
"LEON","ABOULAHOUD","Analyst"
"WERNER","ALFSON","Analyst"
"LULA","AMOE","Analyst"
"MARIANNA","ARGENTIERI","Analyst"
"HENRY","ABAUNZA","Analyst"
"BRIAN","AARONS","Associate"
"VALERIA","APO","Analyst"
"DUDLEY","AIRTH","Senior Analyst"
"MARC","ABRUZZO","Analyst"
"OREN","ALF","Analyst"
"Snowy","coastal","Summer"
"JESSICA","ALONGI","Analyst"
"MICHAEL","ANTONOVICH","Analyst"
"BETSY","ANAST","Analyst"
"LAUREN","ALVARRAN","Analyst"
"WILBER","ALKANA","Analyst"
"MATHEW","ACERET","Analyst"
"NOE","AICKLEN","Analyst"
"NOEL","ARMESTO","Analyst"
"ERICKA","ANTHONY","Associate"
"OTTO","AGENA","Associate"
"RACHAEL","AMUNDSEN","Analyst"
"JOANNA","AMIN","Senior Analyst"
"ANIBAL","ALEO","Analyst"
"PRISCILLA","AMEDEE","Analyst"
"QUEEN","AQUILERA","Analyst"
"RUSS","ALAVI","Senior Analyst"
"CHRISTINA","ALSON","Analyst"
"COLIN","ADELGREN","Analyst"
"SAUL","AFFELD","Senior Analyst"
"OTHA","ALIPIO","Analyst"
"HELEN","ALMY","Analyst"
"KATHLEEN","ALPERIN","Analyst"
"SOLEDAD","ARGUE","Analyst"
"DOMINIQUE","AKRE","Analyst"
"VENUS","ARMES","Analyst"
"DEE","ALEVEDO","Analyst"
"JARROD","AGUILLON","Senior Manager"
"BERNARD","ABKE","Analyst"
"LAUREL","ANDRUSZKIEWIC","Associate"
"CANDIDA","ARIS","Senior Manager"
"NORRIS","AHRENHOLTZ","Senior Analyst"
"KRISTA","AMRICH","Analyst"
"ASA","ALLESSIO","Analyst"
"JEANNETTE","AMORELLO","Analyst"
"BRET","AGERS","Analyst"
"YVONNE","ALVES","Analyst"
"CARMELO","AITCHISON","Senior Analyst"
"LUCIA","ANDES","Analyst"
"GRETA","ANSLINGER","Associate"
"CHRISTY","AMBROSINI","Analyst"
"BARTON","ALBU","Analyst"
"LEANNE","ANNABEL","Analyst"
"DERICK","AHRENT","Analyst"
"GRANVILLE","ALLGOOD","Analyst"
"MARY","ALMESTICA","Senior Analyst"
"VONDA","ARBIZO","Analyst"
"LEROY","ABLANG","Analyst"
"MINA","ARCIBA","Analyst"
"CAMERON","ADAMIS","Analyst"
"FREDA","ANASTAS","Analyst"
"KIMBERLY","ALOISI","Analyst"
"MISSY","ARMISTEAD","Analyst"
"IONA","ARGALL","Analyst"
"ROSALINDA","ANTONIEWICZ","Analyst"
"DENNY","AINES","Analyst"
"ROBIN","ALTHOFF","Analyst"
"TERRY","AMBORN","Analyst"
"CHAD","ABERCOMBIE","Analyst"
"KAREEM","ALBERTY","Analyst"
"SELINA","ARDELEAN","Senior Analyst"
"BARRY","ABINGTON","Analyst"
"DEMETRIUS","AGNI","Analyst"
"REBECCA","ALPAUGH","Analyst"
"FRITZ","ALCOTT","Analyst"
"MAX","ACHEAMPONG","Analyst"
"WILLIAM","ARGENTO","Analyst"
"MILAN","ALLEGRA","Analyst"
"JUDITH","ALSINA","Analyst"
"SAUNDRA","ANTONETTY","Analyst"
"PHIL","AEILLO","Analyst"
"FRANKLYN","ALMAGUER","Analyst"
"FLOYD","ABRACHINSKY","Analyst"
"JUAN","ABBASSI","Senior Analyst"
"BRANDI","AMIE","Analyst"
"NIGEL","ALCANTAS","Senior Analyst"
"MELANIE","ALVORD","Analyst"
"ERNESTINE","AMUSO","Analyst"
"NELL","ANGELILLO","Analyst"
"ARDEN","ALLAIN","Analyst"
"Rainy","coastal","Spring"
"DAN","ABRAMOVITZ","Analyst"
"JAQUELINE","AREHART","Analyst"
"DELORES","AMANZA","Analyst"
"MAC","ALEVRAS","Senior Analyst"
"HARRIS","AKAU","Manager"
"KENNITH","ALARID","Analyst"
"ANDRES","ADAWAY","Analyst"
"CHASITY","APPANA","Analyst"
"WILLIE","ABBINGTON","Manager"
"ELENA","AMYOT","Analyst"
"BOB","ACHTER","Analyst"
"BILLY","ABDELAZIZ","Analyst"
"TAMEKA","ANTONETTI","Analyst"
"CATHRYN","ARAGON","Analyst"
"LEORA","ARGUDIN","Analyst"
"RANDOLPH","ADDINGTON","Senior Manager"
"LOUELLA","ARBRY","Senior Analyst"
"CLARA","ALUKONIS","Analyst"
"JANETTE","ANEZ","Analyst"
"AMADO","ALERTE","Analyst"
"MARVIN","ABELS","Analyst"
"LENORE","ANTILA","Senior Analyst"
"QUINN","ALEXION","Analyst"
"CATRINA","ARENS","Analyst"
"LILA","ANDEREGG","Analyst"
"SHARLENE","ARBUTHNOT","Senior Manager"
"ANGIE","AMIOT","Analyst"
"JONI","ANGERT","Analyst"
"VERDA","ARIF","Analyst"
"MODESTO","ALLEY","Associate"
"BLAIR","AKHTAR","Analyst"
"GUY","ACFALLE","Analyst"
"ANTON","AGUSTINO","Analyst"
"JANELLE","ANDRUS","Analyst"
"CELESTINE","ARGIRO","Analyst"
"CHLOE","ARGUILEZ","Analyst"
"ZENAIDA","ARMSTONG","Analyst"
"BLANCA","AMPY","Analyst"
"LEO","ABRAHAM","Analyst"
"GUADALUPE","AMES","Analyst"
"FLORENCIO","ALFIERI","Analyst"
"ENOCH","ALFERA","Analyst"
"LAWRENCE","ABBOT","Analyst"
"GREG","ABRAMEK","Analyst"
"KAITLYN","ARD","Analyst"
"DANIELLE","ALVALLE","Senior Analyst"
"AMALIA","APPOLONIA","Manager"
"JAMI","ANTICH","Analyst"
"ELLA","AMADO","Analyst"
"PAM","AMORES","Analyst"
"ANDRE","ABUHL","Analyst"
"BENITA","ANTOLIN","Analyst"
"CAROL","ALNUTT","Analyst"
"OCTAVIO","ALAMEIDA","Analyst"
"JOANN","ALVELO","Analyst"
"MARION","ACKLEY","Analyst"
"MIQUEL","ALIRE","Analyst"
"ALINE","APER","Analyst"
"SERGIO","ACKLES","Associate"
"MATTHEW","AASE","Analyst"
"JERRY","APANA","Associate"
"LONNY","ALLEBACH","Analyst"
"VIRGIL","ACKIES","Senior Manager"
"HERSHEL","ALBROUGH","Analyst"
"HAI","ALMEN","Senior Analyst"
"JACQULINE","ARDMAN","Director"
"LANNY","ALBERTSON","Analyst"
"ROSELLA","APRILL","Analyst"
"SABRINA","AMEZQUITA","Senior Manager"
"LEVI","ADKINS","Analyst"
"BOBBIE","AIDT","Senior Analyst"
"BEATRICE","ALVERIO","Associate"
"MILFORD","ALDACO","Analyst"
"MANUEL","ABELL","Analyst"
"OSVALDO","ALCINI","Manager"
"EVANGELINE","APICELLA","Analyst"
"PATRICK","ABATI","Analyst"
"ERIKA","AMERINE","Analyst"
"WILLIAN","ALMARIO","Analyst"
"JILL","ALVAREZ","Analyst"
"SAMANTHA","ALVIA","Analyst"
"MOHAMMED","ALBERDING","Analyst"
"MAUDE","ANESHANSLEY","Analyst"
"MARIANA","ARABIA","Analyst"
"JOAQUIN","AGUINO","Analyst"
"SHERWOOD","ALLBEE","Analyst"
"OLIN","ALDERINK","Analyst"
"BROOKS","ALBARRACIN","Analyst"
"ELIA","ARENDT","Analyst"
"SASHA","APPLEBY","Analyst"
"JUNE","ALVEZ","Analyst"
"DENVER","AKERMAN","Analyst"
"ALVA","ARISTIZABAL","Analyst"
"DELORIS","ANDREGG","Analyst"
"LORIE","ANNAN","Analyst"
"DEVON","ARIE","Analyst"
"KISHA","ARLIA","Analyst"
"HOYT","ALKEN","Analyst"
"RAFAEL","ABSON","Analyst"
"IVAN","ACK","Senior Analyst"
"PASQUALE","AKES","Analyst"
"SHELDON","ADORNO","Director"
"MITZI","APODACE","Analyst"
"CARLENE","ANTUNA","Manager"
"HUGH","ACHE","Analyst"
"NAPOLEON","ALCOSER","Associate"
"HAL","AHERN","Analyst"
"FERMIN","ALI","Analyst"
"NICOLE","ALSOBROOK","Director"
"CINDI","ARFMAN","Associate"
"ALYCE","APPELING","Associate"
"KATELYN","APPENZELLER","Senior Analyst"
"DORTHY","ANDREULA","Senior Analyst"
"MIGUEL","ABLIN","Senior Analyst"
"CALEB","ADON","Analyst"
"HENRIETTA","ANCHETA","Analyst"
"WOODROW","ADJEI","Associate"
"COLTON","ALLISON","Analyst"
"STANTON","ALLDREDGE","Analyst"
"JACOB","ABERCROMBIE","Senior Analyst"
"VILMA","APRIGLIANO","Analyst"
"JUDY","ALSOBROOKS","Analyst"
"MARCIE","ANTRIKIN","Analyst"
"DIANA","ALTHAUS","Analyst"
"STUART","ACORDA","Analyst"
"MILO","ALEPIN","Manager"
"EDMOND","AGEBOI","Analyst"
"STEVEN","AARHUS","Analyst"
"CHERRY","AQUILAR","Analyst"
"SHELLEY","AMODEO","Analyst"
"ROSALIA","ARDIZONE","Analyst"
"HUMBERTO","AGGAS","Associate"
"FELTON","ALLCORN","Senior Analyst"
"LESLIE","ALUISE","Analyst"
"Sunny","inland","Summer"
"ELMA","ANITOK","Analyst"
"MEGHAN","ANAWATY","Analyst"
"BRITT","ALLENSWORTH","Analyst"
"CARLY","APPELBAUM","Analyst"
"DANILO","ALLARD","Analyst"
"LEANNA","APT","Senior Analyst"
"ELISE","ANGER","Manager"
"LOWELL","ADENS","Analyst"
"FLORINE","ARAU","Analyst"
"TYLER","ABRON","Senior Analyst"
"ZOE","ARKING","Analyst"
"DALTON","AKONI","Analyst"
"SOFIA","ANTIS","Analyst"
"BRYON","AHLGREN","Analyst"
"KIMBERLEY","ANGELL","Analyst"
"ESSIE","ANDERON","Analyst"
"MABEL","AMBRIZ","Senior Manager"
"ROGELIO","ADRIEN","Analyst"
"GAYLE","AMORY","Analyst"
"KELLI","AMORIELLO","Manager"
"HARRISON","AGUILA","Analyst"
"Sunny","mountain","Spring"
"JEFFERSON","AIEVOLI","Analyst"
"COLEMAN","ALCIDE","Analyst"
"MARTINA","ANKNEY","Analyst"
"VAN","AFRICA","Analyst"
"CLETUS","ALFRED","Analyst"
"CARI","ARENALES","Senior Analyst"
"DOUGLAS","ABATTI","Analyst"
"CECIL","ABUD","Analyst"
"MEGAN","ALVANAS","Analyst"
"DEANNE","APEL","Analyst"
"FEDERICO","AILSWORTH","Analyst"
"GILLIAN","ARMSON","Analyst"
"OLA","ANGELONE","Senior Analyst"
"EMILIO","AGAMAO","Analyst"
"CORINA","APSEY","Analyst"
"JOSEFINA","ANDERSSON","Analyst"
"MARQUIS","ALBERTSEN","Analyst"
"WILFORD","AKSAMIT","Analyst"
"BENTON","ALLS","Analyst"
"MATILDA","ANNONIO","Analyst"
"DOMINICK","AFSHARI","Analyst"
"CLEMENT","AIONA","Analyst"
"ARLEN","ALLEVA","Analyst"
"YOUNG","APPLIN","Manager"
"THERON","AKWEI","Senior Analyst"
"SHANNA","ANGELLE","Senior Analyst"
"ORVAL","ALEKNA","Analyst"
"KURT","ACEVEDO","Analyst"
"BLAINE","AGUALLO","Analyst"
"BRITNEY","ARASHIRO","Analyst"
"ARNOLDO","ALLSTON","Associate"
"SANDY","AMIGON","Senior Manager"
"OCTAVIA","ARCEA","Analyst"
"JEROMY","ALLUM","Senior Analyst"
"KAITLIN","ARATA","Senior Analyst"
"ROSANNE","APPERSON","Analyst"
"EDMUND","ADELSPERGER","Analyst"
"LIBBY","ARCHULETA","Manager"
"JEWELL","ALLSCHEID","Analyst"
"ALEX","ABOLAFIA","Analyst"
"TONIA","ANGOTTI","Analyst"
"AL","ADOLPHE","Analyst"
"HARLAN","AGUIRE","Analyst"
"CARLA","ALZUGARAY","Analyst"
"STELLA","AMBERSON","Analyst"
"DARRICK","ALFIERO","Senior Analyst"
"CELINA","ARCAUTE","Manager"
"LAVERNE","ANCTIL","Analyst"
"YOLANDA","ALWAN","Analyst"
"ILENE","AONO","Associate"
"DAYNA","ARDIS","Analyst"
"MICHAELA","ARDION","Analyst"
"GENE","ABRUZZINO","Analyst"
"SOPHIE","ANDEL","Analyst"
"KEITH","ABBEY","Senior Manager"
"RYAN","ABBAMONTE","Analyst"
"THURMAN","AHLQUIST","Analyst"
"PRESTON","ADDERLEY","Analyst"
"ADRIAN","ACCETTA","Analyst"
"ALMA","ALWIN","Director"
"GROVER","AGRE","Analyst"
"TWILA","ARAVE","Analyst"
"KENYA","ANZALONE","Associate"
"KENNY","ADAM","Analyst"
"ELAINE","ALTOP","Analyst"
"LOUIE","AGILAR","Analyst"
"RENALDO","ALLON","Associate"
"MICHELL","ARCH","Analyst"
"TANIA","ANTON","Senior Analyst"
"PILAR","ARMANT","Analyst"
"JENNY","AMELANG","Analyst"
"LATANYA","ARCIA","Analyst"
"PATRICIA","ALMETER","Analyst"
"MOHAMMAD","AKEY","Analyst"
"FERDINAND","ALBERRY","Manager"
"AHMAD","ALCANTARA","Analyst"
"FRANCESCO","ALLEYNE","Analyst"
"EMIL","AGEE","Associate"
"GABRIELLE","ANIBAL","Analyst"
"SAMUAL","ALIOTO","Analyst"
"WILBUR","ADAMS","Analyst"
"GORDON","ABRAHAMSON","Analyst"
"GAY","ANTONIOU","Analyst"
"IVORY","ALCON","Senior Analyst"
"LETITIA","ARBOLEDA","Analyst"
"ERIN","ALVARO","Analyst"
"BREANNA","ARMBRUSTER","Analyst"
"SYDNEY","ARCHAMBEAULT","Analyst"
"BETTYE","ANOLICK","Analyst"
"CASEY","ANDAYA","Analyst"
"JERROD","ALBRITTON","Analyst"
"HANK","ALEXAKI","Senior Analyst"
"KATHI","ARCHULETTA","Analyst"
"GEORGINA","ANSARI","Senior Analyst"
"DARRYL","ACCOSTA","Analyst"
"RORY","AHMANN","Senior Analyst"
"CAREN","ARGO","Analyst"
"MARI","APODOCA","Analyst"
"KRISTY","AMODIO","Senior Manager"
"RUSSEL","AGRO","Analyst"
"AUSTIN","ACORD","Senior Analyst"
"LOUISA","ANTRONICA","Analyst"
"CHASE","AGRAWAL","Analyst"
"SYBIL","ANNELER","Analyst"
"BYRON","ACKER","Analyst"
"LINCOLN","ALAIMO","Associate"
"FANNY","ARAVJO","Associate"
"DONNIE","ACTIS","Analyst"
"DOYLE","ADRIANO","Analyst"
"MONIKA","ARCHBELL","Analyst"
"COLUMBUS","ALGEO","Analyst"
"KELVIN","ADDARIO","Senior Analyst"
"SARA","ALTAVILLA","Associate"
"KURTIS","AKE","Analyst"
"PATTI","ANDER","Analyst"
"GREGORIO","AGUNDEZ","Analyst"
"JAMAL","AGUELE","Analyst"
"LENA","AMBROSIA","Analyst"
"FRED","ABDEL","Analyst"
"RANDELL","ALBARADO","Analyst"
"MELODIE","ARMENT","Analyst"
"LAURENCE","ADMIRE","Senior Analyst"
"HILARIO","ALEJANDREZ","Analyst"
"ELLIOTT","AGUILLAR","Analyst"
"SUSANNA","APOSTAL","Analyst"
"RUFUS","ADINOLFI","Analyst"
"NICOLAS","ADMAS","Associate"
"TONYA","AMADIO","Analyst"
"CASSANDRA","AMBURGY","Analyst"
"ROSANNA","AQUIRRE","Analyst"
"MANUELA","ANNARUMMO","Analyst"
"REGGIE","AHMED","Analyst"
"NAOMI","AMEDEO","Senior Analyst"
"LACEY","ANGLADA","Analyst"
"IONE","ARKO","Senior Analyst"
"DEVON","AGUERO","Analyst"
"BERRY","ALDONZA","Analyst"
"MARIO","ABKEMEIER","Analyst"
"JUSTINE","ANIS","Analyst"
"MALINDA","ANTONELLIS","Associate"
"DELPHINE","AREVALO","Director"
"LOIS","ALTERIO","Analyst"
"LOUISE","ALTARAS","Analyst"
"SHARI","ANDIS","Senior Analyst"
"SHAD","ALLMON","Analyst"
"ALFREDO","ACHZIGER","Analyst"
"MILLIE","ANGVIANO","Senior Analyst"
"CHRIS","ANDREW","Analyst"
"AHMED","ALEXZANDER","Analyst"
"DELMAR","AJASIN","Analyst"
"KRIS","APA","Analyst"
"TRACEY","AMEL","Analyst"
"BRUNO","AIRHART","Analyst"
"TAMARA","AMARIAN","Analyst"
"MAXIMO","ALICIA","Analyst"
"CHARLIE","ARLAN","Associate"
"SHONDA","ARENSON","Analyst"
"SHERRIE","ANDREE","Analyst"
"MADELEINE","ARAGAKI","Analyst"
"EVA","ALU","Analyst"
"CELESTE","ANDREOZZI","Analyst"
"LONNIE","ACERRA","Analyst"
"ALICE","ALRAIS","Analyst"
"TASHA","ANDALORA","Analyst"
"HIPOLITO","ALHUSSEINI","Analyst"
"MARICELA","ANZALDO","Analyst"
"VERNON","ABREAU","Analyst"
"CHARMAINE","AOAY","Analyst"
"Snowy","coastal","Spring"
"JUANA","AMORE","Analyst"
"Snowy","inland","Winter"
"KAREN","ALMSTEAD","Analyst"
"LEA","ANINGALAN","Analyst"
"CONSTANCE","AMAS","Analyst"
"ANNMARIE","ARAKAKI","Analyst"
"JODI","AMISTADI","Analyst"
"RANDY","ABDELRAHMAN","Analyst"
"ARMANDO","ACHENBACH","Analyst"
"DARREN","ACERO","Senior Analyst"
"OLLIE","ANDRADES","Senior Analyst"
"MARSHA","AMBROGI","Associate"
"BOOKER","AKRIGHT","Associate"
"BRANT","ALDAVA","Manager"
"TINA","ALTERMAN","Associate"
"MAURINE","ARENDALL","Analyst"
"ELLIS","ADLER","Senior Analyst"
"INEZ","AMIR","Analyst"
"COY","AIPOPO","Analyst"
"LORRAINE","ALVEN","Analyst"
"DOTTIE","ARDREY","Analyst"
"EMILIE","ARCOS","Analyst"
"RICKEY","ADANK","Senior Analyst"
"ZELDA","ARCINIEGA","Analyst"
"ROBYN","AMSDELL","Analyst"
"JULES","ALCALA","Senior Analyst"
"KARIN","ANDRSON","Analyst"
"ADRIANNE","AREBELA","Analyst"
"AUDREY","ALVERSON","Analyst"
"ALETHA","ARMOUR","Senior Analyst"
"WILSON","ADERHOLDT","Analyst"
"EARLINE","ANTAO","Analyst"
"BRANDON","ABBY","Analyst"
"RAY","ABEYTA","Analyst"
"ANNIE",NULL,"Associate"
"INA","ANDUEZA","Analyst"
"SHON","ALMAS","Analyst"
"KATRINA","AMERIO","Analyst"
"STANFORD","ALEYANDREZ","Analyst"
"LASHONDA","ARCHBOLD","Associate"
"LORRI","ARKADIE","Associate"
"ELWOOD","AHIA","Analyst"
"ELYSE","ARMOND","Manager"
"DESHAWN","ALLAMON","Analyst"
"LISA","ALMOS","Analyst"
"ROSE","ALSING","Director"
"SHELLY","AMENTO","Analyst"
"LEOPOLDO","ALBORN","Analyst"
"BEAU","AIUTO","Analyst"
"CHAS","ALL","Analyst"
"BENJAMIN","ABBRUZZESE","Analyst"
"TONY","ABEITA","Manager"
"BOBBY","ARCHIBEQUE","Associate"
"TIARA","ARMINTROUT","Senior Manager"
"SIMONE","ANOE","Analyst"
"TERI","ANASTASIO","Analyst"
"BONNIE","ALTENHOFEN","Analyst"
"ERICK","ADRAGNA","Analyst"
"GUSSIE","ARCORACI","Analyst"
"MARISELA","ARGUBRIGHT","Analyst"
"ROSARIO","ANGELOFF","Manager"
"LUANN","APERGES","Manager"
"DORIS","ALSANDOR","Analyst"
"CORNELL","ALAMIA","Analyst"
"SEBASTIAN","AILSTOCK","Senior Analyst"
"BENNIE","ADDUCI","Analyst"
"DEXTER","AESCHBACHER","Analyst"
"RONNY","ALANKO","Analyst"
"ADRIAN","ARAND","Analyst"
"TYREE","ALEXOPOULOS","Analyst"
"EDDIE","ABILAY","Analyst"
"TAMIKA","ANGE","Analyst"
"PATSY","AMBROSIO","Analyst"
"GRACE","ALTMARK","Analyst"
"DELIA","ANDEBE","Analyst"
"JEANETTE","ALWANG","Analyst"
"ELVIRA","ANDAVERDE","Senior Manager"
"HARRIETT","ANTLEY","Senior Analyst"
"LON","ALAPAI","Analyst"
"JONATHAN","ABBAY","Analyst"
"SAM","ABREW","Analyst"
"DONOVAN","AIKEY","Analyst"
"SHANE","ABREU","Analyst"
"COLBY","AITCHESON","Analyst"
"JOHN","ANWAY","Analyst"
"CLAIR","AKIN","Analyst"
"RUDOLF","ALLNUTT","Analyst"
"MORGAN","AGERTER","Analyst"
"ERIC","ABAJIAN","Analyst"
"AMBROSE","ALLBRITTEN","Analyst"
"TROY","ABILEZ","Manager"
"FRANCES","ALQUESTA","Analyst"
"LIONEL","ADLAM","Senior Analyst"
"CLAUDE","ACCOMANDO","Analyst"
"NADIA","APLAND","Analyst"
"CAROLE","AMEDRO","Analyst"
"THEODORA","ARENT","Senior Analyst"
"CURT","AGUAYO","Analyst"
"SHAWN","ABDULLAI","Manager"
"KIETH","ALCOMBRIGHT","Analyst"
"MARVA","APPL","Analyst"
"RUSTY","AHLUWALIA","Analyst"
"RICKY","ABILD","Analyst"
"TUAN","ALLIE","Analyst"
"Rainy","coastal","Summer"
"DEANNA","AMBROSINO","Analyst"
"LOLITA","ARATO","Analyst"
"CARMELITA","ARMIJO","Senior Analyst"
"HELGA","ARANAS","Analyst"
"TRACIE","ANDROS","Analyst"
"JC","ALKEMA","Analyst"
"MOSHE","ALFANO","Senior Analyst"
"REUBEN","AGRESTI","Analyst"
"TARA","AMABILE","Senior Manager"
"MERLE","AESCHLIMANN","Analyst"
"EARNESTINE","ANTONY","Senior Analyst"
"SUMMER","ANIDI","Associate"
"DAMON","ADDAMS","Associate"
"PHYLLIS","ALTERMATT","Senior Analyst"
"TREY","ALCORN","Analyst"
"AGNES","AMAN","Analyst"
"ANTONIA","ALJEMAL","Analyst"
"JONATHON","ADDLEMAN","Analyst"
"SCOTTIE","ALBER","Analyst"
"EDDY","AILSHIRE","Analyst"
"TORY","ALESHIRE","Analyst"
"TRICIA","ANCRUM","Analyst"
"IMOGENE","ANGIOLILLO","Analyst"
"HOSEA","ALLMAND","Analyst"
"CARL","ABAYA","Senior Analyst"
"COURTNEY","AMBERG","Senior Analyst"
"MERLE","APARICIO","Analyst"
"IVY","ANNETT","Analyst"
"CHRISTOPHER","AAMOT","Analyst"
"JEANIE","ANTISTA","Analyst"
"MEAGAN","ANNO","Analyst"
"RICHIE","ALESI","Associate"
"SHAUNA","ANGUSTIA","Analyst"
"CARLOS","ABDIN","Manager"
"RUBY","ALTERI","Senior Manager"
"SYLVIA","ALTOBELLO","Analyst"
"MAGDALENA","ANNINO","Analyst"
"BERYL","ARAKI","Analyst"
"ELNORA","ANTIGNANI","Analyst"
"ELEANORE","ARENA","Senior Analyst"
"NADINE","AMYX","Analyst"
"ANDY","ACKINS","Analyst"
"KRISTOFER","ALLRED","Analyst"
"ESTELLA","ANDROES","Senior Analyst"
"NITA","ANTUNES","Manager"
"MOHAMED","ALESSANDRONI","Manager"
"LUCAS","ADELMAN","Manager"
"PHOEBE","ARALDI","Analyst"
"DAVID","AALAND","Analyst"
"DAWN","ALTIER","Analyst"
"MARGOT","ARCHIBALD","Senior Analyst"
"NICK","ACQUILLA","Analyst"
"VADA","ARMY","Analyst"
"BUFORD","AKINREFON","Analyst"
"JORGE","ABRAMIAN","Manager"
"NEVILLE","ALLAIRE","Analyst"
"JUSTIN","ABBE","Analyst"
"RANDI","ANON","Analyst"
"DIANNA","ANABLE","Senior Analyst"
"WILLIAM","AAKRE","Senior Analyst"
"MAURICE","ABRANTES","Analyst"
"LEONARDO","AGRIESTI","Manager"
"LES","ALCIVAR","Analyst"
"TERRENCE","ACOCELLA","Analyst"
"MARCELO","ALEGRE","Senior Analyst"
"PRINCE","ALDRIGE","Analyst"
"BEATRIZ","ANGOVE","Analyst"
"MARISA","ANGOLD","Analyst"
"PERRY","ACKLAND","Senior Manager"
"GLENNA","ANGLADE","Analyst"
"LAMAR","AEMMER","Analyst"
"GERARD","ADAIR","Analyst"
"LUTHER","ACRE","Analyst"
"LORA","ANADIO","Analyst"
"TRACEY","ALBELO","Analyst"
"LANE","AKARD","Analyst"
"MARGARITO","ALCE","Senior Analyst"
"JOSH","ADOLPHSON","Senior Analyst"
"MARIA","ALEA","Analyst"
"MYLES","ALAYA","Analyst"
"DEANN","ARBON","Analyst"
"ROSALEE","ARENDALE","Analyst"
"JEFF","ABER","Senior Analyst"
"JIM","ABNET","Manager"
"ELROY","ALLABAUGH","Associate"
"WALTON","ALLEGRUCCI","Analyst"
"OTIS","ACTON","Analyst"
"HILARY","ANSTEAD","Analyst"
"EUSEBIO","ALIREZ","Analyst"
"KATHIE","APLIN","Analyst"
"CORA","AMESQUITA","Analyst"
"ELISSA","ARMAS","Analyst"
"ELLIOT","AGULAR","Analyst"
"ALEJANDRO","ACOSTO","Senior Manager"
"NORMAN","ABELMAN","Analyst"
"BART","AGUILLERA","Analyst"
"THERESE","ANESTOS","Analyst"
"HILLARY","ANTONIA","Analyst"
"LORENE","ANDERSEN","Analyst"
"CLAUD","ALLATEEF","Analyst"
"MAYNARD","AILEY","Analyst"
"JOHNIE","ALBARES","Analyst"
"JARRETT","ALBAREZ","Analyst"
"MOSE","ALLERMAN","Analyst"
"JAMAR","ALBERY","Analyst"
"DARRIN","AFFRONTI","Associate"
"LAUREN","ALMANZAR","Analyst"
"GERALDO","ALGE","Analyst"
"BRICE","ALESSANDRO","Analyst"
"MADGE","APLEY","Analyst"
"TIMOTHY","AAVANG","Manager"
"WILDA","AQUERO","Analyst"
"NICHOLE","AMTOWER","Analyst"
"JUNG","ARMON","Analyst"
"JESSE","ARDALY","Senior Analyst"
"FORREST","ADEY","Analyst"
"MALLORY","ANTU","Analyst"
"RHETT","ALLEMAN","Analyst"
"MARA","ARAGAN","Analyst"
"NANNIE","ANTLE","Analyst"
"CARMEN","AHUJA","Director"
"ISAIAS","ALHAMEED","Senior Analyst"
"DEIDRE","APP","Analyst"
"JANICE","ALSIP","Analyst"
"HECTOR","ABREO","Analyst"
"ERNESTINA","AREAS","Analyst"
"Snowy","inland","Summer"
"LEILA","ANNUNZIATA","Analyst"
"WHITNEY","ALICE","Analyst"
"CORTNEY","ARCHACKI","Analyst"
"TESSIE","ARGULEWICZ","Analyst"
"RUTH","ALO","Analyst"
"ISAIAH","AHNER","Senior Analyst"
"ELLEN","ALTONEN","Associate"
"PEDRO","ABRAMOV","Analyst"
"KATHERINE","ALSDON","Senior Manager"
"ROBIN","ADEE","Analyst"
"TABATHA","ANTINARELLI","Analyst"
"PAULINA","ARMBRISTER","Analyst"
"MISTY","AMENTA","Senior Analyst"
"KENDALL","AGOSTINO","Analyst"
"WARD","AINSCOUGH","Analyst"
"ROSCOE","AGUSTIN","Analyst"
"VERONICA","ALVARES","Analyst"
"SAMMIE","AHLSTROM","Analyst"
"CRISTY","ARMIGER","Analyst"
"Sunny","mountain","Summer"
"JANIE","AMISTOSO","Analyst"
"BENEDICT","ALLER","Manager"
"VIRGINA","AREL","Analyst"
"GOLDIE","ANERTON","Analyst"
"SANTA","ARMENGOL","Analyst"
"ANTONY","ALAMO","Associate"
"BRADY","AGUILERA","Analyst"
"REX","ADAMI","Senior Analyst"
"ARIEL","ALBARRAN","Analyst"
"RANDAL","AFFLECK","Analyst"
"HONG","ALLERS","Analyst"
"PETER","ABATIELL","Senior Analyst"
"EFREN","ALCAOA","Analyst"
"QUINCY","AILOR","Analyst"
"KENNETH","AARESTAD","Analyst"
"LATASHA","ANDREASON","Analyst"
"ALTHEA","ANTONICH","Analyst"
"BRYANT","ADIE","Director"
"BURL","ALEXIS","Analyst"
"ROSALIND","ANGOLO","Manager"
"MARLON","AGBISIT","Analyst"
"EDWINA","ANZAI","Analyst"
"Cloudy","inland","Autumn"
"JERRELL","ALLTOP","Senior Analyst"
"CAMILLE","ANDO","Analyst"
"ALVINA","ARISA","Manager"
"GALE","ALAMBAR","Analyst"
"CRISTINA","ANASTOS","Manager"
"ELISHA","ARCHILLA","Analyst"
"ALLIE","ANTIONE","Analyst"
"GUILLERMO","ADELIZZI","Analyst"
"JANE","ALSTROM","Analyst"
"CONSUELO","ANGAROLA","Associate"
"VIRGILIO","ALLENDE","Analyst"
"MARIETTA","APPLEBAUM","Analyst"
"JUDE","ALLEMOND","Analyst"
"SUSANA","ANGELUCCI","Senior Analyst"
"ELINOR","ANTONOPOULOS","Director"
"DANTE","AIOLA","Senior Analyst"
"JODY","AMSTERDAM","Analyst"
"GARLAND","AGLER","Analyst"
"CLARE","ANTONIS","Analyst"
"SOPHIA","ANAYA","Senior Analyst"
"HERBERT","ABETE","Analyst"
"STANLEY","ABELAR","Senior Analyst"
"DOROTHY","ALMONTE","Analyst"
"WINIFRED","ANDRADO","Analyst"
"CAITLIN","ANDZULIS","Analyst"
"ETHAN","AGNOR","Analyst"
"BRIANNA","ANSTINE","Analyst"
"MARGRET","ANKENY","Senior Analyst"
"PORTER","ALMAND","Analyst"
"KIRSTEN","ANGLEBRANDT","Analyst"
"Snowy","coastal","Winter"
"CHRISTINE","ALPHONSE","Senior Manager"
"JENA","ARENDS","Analyst"
"DEWEY","ADOLPH","Analyst"
"CONNIE","ALTIERI","Analyst"
"STEWART","ADRIANCE","Analyst"
"REINA","ARMAGOST","Manager"
"ABIGAIL","ANDREOTTI","Senior Analyst"
"CHERYL","ALSBROOKS","Analyst"
"JOEL","ABIDE","Associate"
"MORRIS","ACKERMAN","Analyst"
"GABRIEL","ABURTO","Analyst"
"FRANCISCA","ANDROLEWICZ","Senior Analyst"
"JOY","AMARILLAS","Analyst"
"FELIPE","ADDO","Analyst"
"SHELBY","ANDREONI","Analyst"
"KRAIG","ALLTON","Analyst"
"CATHRINE","ARKENBERG","Associate"
"EZEQUIEL","ALLDAY","Analyst"
"NATASHA","AMEZCUA","Analyst"
"MCKINLEY","ALICER","Associate"
"GEOFFREY","ADDISON","Analyst"
"OMER","ALHAMBRA","Analyst"
"MELVIN","ABERNATHA","Associate"
"AIMEE","ANDRE","Analyst"
"IVA","ANELLI","Analyst"
"DORRIS","ARLINGTON","Analyst"
"Sunny","mountain","Winter"
"WES","ALLHANDS","Analyst"
"DARIUS","AHL","Analyst"
"ESTELA","ANSTETT","Analyst"
"IRWIN","AKAL","Senior Analyst"
"HARRIET","AMICONE","Analyst"
"GERI","ARDENEAUX","Analyst"
"ANGELICA","AMSBAUGH","Analyst"
"ALEC","ALDOUS","Analyst"
"PENELOPE","ANTOINE","Analyst"
"KOREY","ALLIO","Analyst"
"STACEY","AMADON","Analyst"
"KARRIE","ARHART","Analyst"
"BARNEY","AITES","Analyst"
"NATHAN","ABELE","Analyst"
"BELLA","ARLT","Senior Manager"
"ERVIN","ADOLFSON","Analyst"
"ALECIA","ARIANO","Analyst"
"DOREEN","ANAGNOST","Analyst"
"ANTIONE","ALLING","Analyst"
"AVA","ANTCZAK","Senior Manager"
"CRUZ","ARKEMA","Analyst"
"BERNIECE","ARMIJOS","Analyst"
"CHRISTEN","ARGUELLO","Analyst"
"JADE","ARCEGA","Analyst"
"DERRICK","ABRAMOVICH","Associate"
"OLEN","ALEN","Senior Analyst"
"EDITH","ALTO","Analyst"
"LAVONNE","AOKI","Analyst"
"ALPHONSO","AHYET","Analyst"
"KELLY","ALSMAN","Analyst"
"HOLLY","ALVISO","Analyst"
"DANIELA","ARIAIL","Analyst"
"MARIBEL","ANGELOVICH","Analyst"
"JODIE","ANIELLO","Analyst"
"Cloudy","coastal","Autumn"
"SALLIE","ANDRIES","Senior Analyst"
"ADRIENNE","AMSILI","Analyst"
"BRITTANY","ALVIZO","Analyst"
"LELA","ANDING","Analyst"
"MAJOR","ALBARAZI","Analyst"
"DIRK","AKIEREISEN","Analyst"
"DIEGO","AHRENDES","Senior Analyst"
"MARCEL","AHLERS","Analyst"
"AUGUSTA","APPLEWHITE","Analyst"
"LACY","ALIRES","Senior Analyst"
"GINGER","ANANIAS","Senior Analyst"
"DWIGHT","ACHEKIAN","Analyst"
"KRYSTLE","ARDOLINO","Analyst"
"FREDRIC","ALEXENDER","Analyst"
"LESLEY","ALLPHIN","Analyst"
"HEIDI","AMAZAN","Analyst"
"REINALDO","ALBRITON","Analyst"
"FABIAN","AHMAU","Senior Analyst"
"KAYLA","AMLIN","Analyst"
"WAYLON","ALLISTON","Analyst"
"MALCOLM","ADCOX","Analyst"
"GREGORY","ABARCA","Analyst"
"CARY","AGANS","Analyst"
"CALLIE","ANKRUM","Analyst"
"FAYE","AMEY","Associate"
"LESSIE","APPLONIE","Senior Analyst"
"MEL","ALEGI","Analyst"
"MARGERY","ANZALDUA","Manager"
"LETA","ARBUCCI","Director"
"SALVADOR","ACKISS","Analyst"
"BRIDGETT","ARAGUNDI","Analyst"
"RODNEY","ABELLA","Senior Manager"
"MINDY","ANDERMAN","Senior Analyst"
"JODY","ADOLFO","Associate"
"CLIFTON","ACKERMANN","Associate"
"SHANNON","ACUFF","Associate"
"RONALD","AARONSON","Analyst"
"WAYNE","ABDELAL","Senior Analyst"
"LUCIUS","ALLOWAY","Analyst"
"POLLY","ANGELES","Analyst"
"KRISTEN","ALWAY","Analyst"
"ROB","AHHEE","Senior Analyst"
"MINNIE","AMAVISCA","Analyst"
"SONNY","AKSOY","Senior Analyst"
"Snowy","mountain","Winter"
"ROSEMARIE","ANAGNOSTOU","Analyst"
"MARGO","ANKRAPP","Analyst"
"MALISSA","ARGOTE","Analyst"
"ROSENDO","ALDABA","Analyst"
"EDUARDO","ACOBA","Senior Analyst"
"SARAH","ALOIA","Analyst"
"LYMAN","ALDARONDO","Manager"
"CHRISTIAN","APPLING","Senior Analyst"
"JESS","AGERTON","Analyst"
"KRISTIE","ANDRAE","Associate"
"ALEXA","ARMENTEROS","Analyst"
"RAFAELA","ARING","Analyst"
"ROOSEVELT","ADES","Analyst"
"JORDAN","ACHIN","Analyst"
"VINCENT","ABELSON","Analyst"
"SOLOMON","AGYEMAN","Analyst"
"HUGO","ADOLPHUS","Senior Analyst"
"FRIEDA","ANGUIANO","Analyst"
"SHELIA","AMORUSO","Senior Analyst"
"Sunny","inland","Winter"
"TEODORO","ALICEA","Analyst"
"VELMA","AMELUNG","Senior Analyst"
"APRIL","ALUAREZ","Analyst"
"SANTO","ALLMOND","Senior Analyst"
"SHIRLEY","ALDRIDGE","Associate"
"TIFFANY","ALTIZER","Senior Analyst"
"HOLLIE","ARANGO","Analyst"
"GLEN","ABRELL","Analyst"
"HUNTER","AKEL","Analyst"
"STEPHAN","AGIB","Analyst"
"GINA","AMAILLA","Analyst"
"GIOVANNI","ALAN","Analyst"
"JOYCE","ALQUIJAY","Analyst"
"JAMIE","ALUMMOOTTIL","Senior Manager"
"NELLY","ARCHAMBAULT","Analyst"
"ALAN","ABDULLAH","Analyst"
"ELSA","ANDERSON","Analyst"
"SANDI","ARIMOTO","Analyst"
"CHELSEY","ARCHER","Senior Analyst"
"MARCIA","AMATI","Analyst"
"CLIFF","AHLER","Analyst"
"VINCENZO","ALMARZA","Associate"
"SOL","ALIE","Analyst"
"KATE","ANDELMAN","Analyst"
"SAVANNAH","APREA","Senior Manager"
"STACIE","ANDREN","Senior Manager"
"SPENCER","ADELS","Analyst"
"EMILE","ALBINO","Analyst"
"ZACHARY","ABRAMOWSKI","Senior Analyst"
"DOMENIC","ALISON","Analyst"
"WESLEY","ABRAHAMSEN","Analyst"
"KARI","AN","Senior Manager"
"NORMA","ALTES","Analyst"
"MASON","AHN","Analyst"
"WILFRED","ADOLPHSEN","Associate"
"JAKE","ADKISSON","Analyst"
"ROSEANNE","ARMISO","Analyst"
"IOLA","ARDON","Analyst"
"TYRONE","ACERNO","Analyst"
"LETTIE","ARISTIDE","Analyst"
"PETRA","ANGILLETTA","Senior Manager"
"SUSAN","ALMON","Senior Analyst"
"SIDNEY","ACKEN","Analyst"
"ELSIE","ALY","Senior Manager"
"WINSTON","AFLALO","Senior Analyst"
"JAIME","ANDRADEZ","Analyst"
"ADELAIDE","ARCHIBOLD","Director"
"ROSETTA","ANGEL","Analyst"
"LEONOR","APPLEBERRY","Analyst"
"AMELIA","AMIRIAN","Analyst"
"CARMELA","ANGOCICCO","Analyst"
"BILLIE","AGNELLO","Analyst"
"RAQUEL","ANCELL","Analyst"
"JOSIE","ANDRONIS","Analyst"
"MARK","AANERUD","Manager"
"CAREY","APTHORPE","Manager"
"TERRA","ARCARO","Analyst"
"IRENE","ALSTOTT","Analyst"
"LASHAWN","ARIDAS","Analyst"
"MONROE","AKPAN","Analyst"
"LILY","ANGULO","Senior Analyst"
"DARLA","ANDERL","Analyst"
"JEANNE","ALZAGA","Analyst"
"LUCIANO","ALBEA","Senior Analyst"
"DEANA","ANNAL","Analyst"
"DOMINIC","ADEBISI","Analyst"
"BOYCE","ALLRIDGE","Analyst"
"JAY","ABNER","Analyst"
"LYNN","ALVERADO","Analyst"
"ROLAND","ACAMPORA","Analyst"
"DEBBIE","ALUARADO","Analyst"
"ROBT","ALEXADER","Analyst"
"PAT","ADY","Associate"
"ISABEL","AMICI","Analyst"
"SUZANNE","ALVARA","Analyst"
"SAL","ALEJO","Analyst"
"DENIS","AGUINALDO","Analyst"
"AUGUSTINE","ALARIO","Analyst"
"RICO","ALDAZ","Analyst"
"DONNA","ALNOOR","Analyst"
"BRENDON","ALFEREZ","Analyst"
"ALFONSO","ADAMEK","Analyst"
"ADOLPH","AHRENDT","Analyst"
"BERNARDO","AIHARA","Analyst"
"LATONYA","ANFINSON","Manager"
"EDYTHE","ARDAN","Analyst"
"PAULA","ALTEW","Associate"
"OSCAR","ABLING","Analyst"
"MIGDALIA","ARGUELLES","Analyst"
"ALONSO","ALMANZA","Associate"
"GARRET","ALLESHOUSE","Analyst"
"NICHOLAS","ABBOTT","Associate"
"HOLLIS","AITKIN","Senior Manager"
"PATRICIA","ALLYN","Analyst"
"DANIAL","AKHAVAN","Analyst"
"DARELL","ALMENGOR","Analyst"
"JULIE","ALRED","Analyst"
"MELISSA","ALOSA","Analyst"
"GRACIE","ANGLIN","Analyst"
"TOMMIE","ANTONA","Analyst"
"JAE","ALLGAEUER","Senior Manager"
"MARIE","ALPHONSO","Analyst"
"KRISTOPHER","ADKERSON","Analyst"
"MAURA","AQUILINA","Analyst"
"CHONG","AREHANO","Analyst"
"JESSIE","ACEBEDO","Analyst"
"KITTY","ARBOLIDA","Analyst"
"CORINE","APAEZ","Analyst"
"DONN","ALDREGE","Senior Analyst"
"WILLIAMS","AHARONI","Analyst"
"EMMA","ALTSISI","Analyst"
"OSWALDO","ALLENBAUGH","Analyst"
"RUSSELL","ABDO","Analyst"
"SAMUEL","ABBINANTI","Analyst"
"RAMON","ABRIOLA","Associate"
"VINCE","AILLS","Analyst"
"LILLY","ANSON","Analyst"
"LEONEL","AKERSON","Analyst"
"BOBBY","ABDON","Analyst"
"VAUGHN","AHO","Analyst"
"BARRETT","ALICANDRO","Analyst"
"MONTY","AHMADI","Analyst"
"HERSCHEL","ALAMOS","Manager"
"RONDA","ANDREATTA","Analyst"
"ADA","AMEZAGA","Analyst"
"DUSTY","ALBE","Analyst"
"ALEXANDRA","AMSLER","Manager"
"QUENTIN","AGUDELO","Analyst"
"LUKE","ADA","Analyst"
"CARMINE","ALARIE","Analyst"
"TRAVIS","ABENDROTH","Analyst"
"MONA","ANAGNOS","Senior Analyst"
"PARKER","ALBURY","Analyst"
"PEARL","AMARA","Analyst"
"GALE","ANNARUMO","Senior Analyst"
"SHERI","AMOUR","Analyst"
"TERESA","ALROD","Analyst"
"LAURI","ARANA","Analyst"
"BRIDGET","AMORMINO","Analyst"
"CHARLA","ARMANTROUT","Analyst"
"ALISA","ANGELOTTI","Associate"
"ABE","ALBERTO","Analyst"
"RAYFORD","ALLBONES","Analyst"
"GARFIELD","ALICUBEN","Analyst"
"TRENT","AGGARWAL","Analyst"
"RALEIGH","ALIER","Analyst"
"TRUDY","ANGELINE","Analyst"
"ELOY","ALBRECHT","Analyst"
"MARCELINO","AKAPO","Associate"
"JERRI","ANTONSON","Analyst"
"DORETHA","ARCHAMBEAU","Analyst"
"ERLINDA","ARKELL","Analyst"
"RENAE","ARCILLA","Senior Analyst"
"PORTIA","ARICHABALA","Senior Analyst"
"FOSTER","ALDERMAN","Senior Analyst"
"FLOSSIE","ANSHUTZ","Analyst"
"FREDERIC","AJOKU","Analyst"
"MIKE","ABELA","Senior Manager"
"MYRON","ADELSON","Manager"
"MARCO","ADDICKS","Senior Analyst"
"DONALD","AARANT","Analyst"
"GEORGETTE","APOLINAR","Analyst"
"CHANTEL","ARGRO","Analyst"
"JANNA","APPLEGATE","Associate"
"MARCOS","ADKINSON","Senior Analyst"
"WHITNEY","AMORIN","Analyst"
"HERMINIA","ARCANO","Analyst"
"RENITA","ARIZOLA","Analyst"
"ANNETTE","ALVEY","Analyst"
"TERENCE","ADRION","Senior Analyst"
"FREIDA","ARADANAS","Analyst"
"LETHA","ANSPAUGH","Analyst"
"LEIGH","ANAWALT","Analyst"
"IKE","ALLEGOOD","Associate"
"ROSALYN","ANTAL","Analyst"
"CRYSTAL","ALTIC","Analyst"
"EFRAIN","AGNELLI","Analyst"
"COLE","AINA","Associate"
"WINFORD","ALLWOOD","Analyst"
"DEANGELO","ALLGIER","Analyst"
"LAZARO","ALBANO","Analyst"
"JED","ALEQUIN","Analyst"
"CHRISTIAN","ACEBO","Analyst"
"LADONNA","ANNAND","Analyst"
"LOREN","ADEL","Analyst"
"TOBY","AFONSO","Analyst"
"JOHNNIE","ACKAH","Analyst"
"KIRK","ACKLEN","Analyst"
"MELINDA","AMAR","Analyst"
"JULIANNE","ANWAR","Analyst"
"LESLEY","ANGERMEIER","Analyst"
"GILDA","ARANCIBIA","Analyst"
"EFFIE","ANDREWS","Associate"
"SHERRI","AMERICAN","Analyst"
"ARNOLD","ACCALA","Analyst"
"DEON","ALDANA","Analyst"
"WILEY","AHUMADA","Analyst"
"DARA","ARIEL","Analyst"
"JEFFEREY","ALEXY","Analyst"
"JASON","AASBY","Analyst"
"JANA","ANCHORS","Analyst"
"TRENTON","AKBARI","Analyst"
"MARYLOU","ANTILLA","Analyst"
"JEANNIE","ANDERST","Senior Analyst"
"DINO","ALCINE","Analyst"
"PEARLIE","ANTONE","Analyst"
"ALEXANDRIA","ANTENUCCI","Analyst"
"GASTON","ALLGEIER","Analyst"
"ELISA","ANDONIAN","Analyst"
"SIMON","ADHAM","Analyst"
"KERRY","ANCISO","Analyst"
"TESSA","APPIA","Analyst"
"KYLE","ABERNETHY","Senior Analyst"
"ARLIE","ALLWARDT","Analyst"
"LONA","ARGRAVE","Associate"
"ELVA","ANDRZEJCZAK","Analyst"
"DENNIS","ABASTA","Analyst"
"PATRICA","ANGELINO","Senior Analyst"
"CARMEL","ARMELI","Analyst"
"PAIGE","ANGERS","Senior Analyst"
"ZANE","ALBANEZ","Analyst"
"LORNA","ANEY","Analyst"
"VIRGINIA","ALPER","Analyst"
"JESUS","ABETA","Analyst"
"BESSIE","AMANTE","Associate"
"ANA","ALVINE","Analyst"
"SERENA","ANTINORE","Analyst"
"HEATHER","ALRICH","Analyst"
"MARCELLA","AMY","Analyst"
"DENICE","ARCEMENT","Analyst"
"GAYLE","ALLES","Associate"
"GERARDO","ADDY","Associate"
"BRIGITTE","ARBERTHA","Analyst"
"FELECIA","ARBUCKLE","Analyst"
"HARRIETTE","ARMSTRONG","Analyst"
"LATRICE","ARENDASH","Associate"
"JOAN","ALSHEIMER","Analyst"
"HANNA","ARGANBRIGHT","Analyst"
"SONYA","AMMANN","Director"
"ILA","ANSLEY","Analyst"
"TODD","ABDULAZIZ","Analyst"
"MALCOM","ALLINGER","Analyst"
"ISIAH","ALBINI","Analyst"
"MARCELLUS","ALLOR","Senior Analyst"
"JERAMY","ALMARAS","Analyst"
"DARCY","ANTONUCCI","Analyst"
"MORTON","ALBACH","Analyst"
"WILLY","ALEY","Analyst"
"ELOISE","ANCALADE","Analyst"
"CATHY","ALVEAR","Associate"
"Sunny","coastal","Spring"
"MARTA","ANDESON","Analyst"
"ANGELINE","ANGTON","Analyst"
"JARRED","ALDREDGE","Analyst"
"DELILAH","ARENOS","Analyst"
"VERNELL","ARMELIN","Analyst"
"VESTA","ARIZMENDI","Analyst"
"ADOLFO","AGUIAR","Analyst"
"MOLLIE","ANGELORO","Analyst"
"HAZEL","ALTWIES","Analyst"
"GISELA","ARKONTAKY","Analyst"
"ELTON","AGREDA","Senior Manager"
"HUBERT","ADAMAITIS","Analyst"
"JESSIE","AMALFITANO","Analyst"
"HARVEY","ACCARDI","Analyst"
"GALEN","AIYER","Analyst"
"DANNIE","ALEMAN","Senior Manager"
"RODERICK","ADAMSON","Analyst"
"VIOLET","AMEND","Analyst"
"ROMAN","AFFELT","Analyst"
"DEIRDRE","APPELL","Associate"
"LUCIEN","ALBERRO","Manager"
"KATY","ANTWINE","Analyst"
"COLLIN","AKERLEY","Analyst"
"Cloudy","coastal","Spring"
"BRAD","ABUNDIZ","Senior Analyst"
"DEBRA","ALPERT","Manager"
"DIANN","ARAMBULA","Analyst"
"LYLE","ADAMCZYK","Analyst"
"UNA","ARN","Analyst"
"DELMER","ALESSE","Analyst"
"LANCE","ACETO","Analyst"
"ORLANDO","ADAMES","Senior Analyst"
"RENEE","ALVINO","Analyst"
"ALISON","AMMONDS","Analyst"
"KERRY","ADAMSONIS","Analyst"
"RALPH","ABBITT","Analyst"
"NATALIA","APRIL","Analyst"
"Snowy","inland","Spring"
"NOELLE","ARBOGUST","Analyst"
"NAN","ARCHIE","Analyst"
"JASMIN","ARCILA","Analyst"
"JAYME","ARMEL","Senior Analyst"
"CLEO","AKAWANZIE","Manager"
"REFUGIO","ALCINA","Associate"
"ESTEBAN","AGUSTINE","Senior Manager"
"EMILY","ALTHISER","Senior Analyst"
"DARIN","AFABLE","Analyst"
"SHAWN","ANDRICK","Senior Analyst"
"MARGARITA","AMESCUA","Analyst"
"LESTER","ABRIAL","Analyst"
"JON","ABOLT","Senior Analyst"
"REGINA","ALVEREST","Analyst"
"JOCELYN","ANGERON","Analyst"
"ALEXANDER","ABITONG","Analyst"
"THEO","ALGARIN","Senior Analyst"
"MAVIS","ANKROM","Manager"
"CATHERINE","ALPIZAR","Analyst"
"DEMETRIA","ARECHIGA","Analyst"
"HESTER","ARAGAO","Analyst"
"OMAR","ADAMOWSKI","Senior Manager"
"ELLIE","ARLINE","Analyst"
"OMA","ARIETTA","Analyst"
"JOAN","AKIYAMA","Analyst"
"WINNIE","ANNIBALE","Analyst"
"GRADY","AEGERTER","Analyst"
"GERRY","AHSAN","Associate"
"DANIEL","AANDERUD","Analyst"
"INGRID","ANECELLE","Senior Analyst"
"ELIAS","ADSIT","Senior Analyst"
"REYNA","ARAUZ","Analyst"
"SHIRLEY","ALONSO","Senior Analyst"
"KATINA","ARAKAWA","Analyst"
"CARROLL","ADICKES","Analyst"
"WYATT","ALBERTS","Analyst"
"MIRNA","ARMENTROUT","Analyst"
"ALDEN","ALCAZAR","Analyst"
"JOEY","ACQUAVIVA","Senior Analyst"
"FAY","ANGELICA","Analyst"
"RACHEAL","ARGENZIANO","Analyst"
"YVETTE","AMMONS","Analyst"
"DARNELL","AFFELTRANGER","Analyst"
"MARINA","ANDRANGO","Analyst"
"THAD","ALBERS","Senior Analyst"
"HATTIE","AMICO","Senior Analyst"
"KRISTI","AMIDON","Senior Analyst"
"CODY","ACEUEDO","Analyst"
"Cloudy","coastal","Winter"
"ALICIA","ALVANEZ","Analyst"
"FAUSTO","ALLESSI","Analyst"
"JOESPH","AHLO","Analyst"
"ARTURO","ACOSTA","Analyst"
"NANCY","ALMQUIST","Analyst"
"SHANNON","ALTOMARI","Analyst"
"JONAS","ALBAIR","Analyst"
"LYNNETTE","APRUZZESE","Analyst"
"REVA","APOSTOL","Analyst"
"CLAUDINE","APOLITO","Analyst"
"ROYAL","ALBERTI","Analyst"
"CAROLINE","AMBERT","Analyst"
"FLORA","AMODEI","Associate"
"NORA","AMBROZIAK","Analyst"
"CHRISTA","ANENE","Analyst"
"ARCHIE","ADDESSO","Analyst"
"GABRIELA","ANGLAND","Analyst"
"KELLY","ACEVEDA","Analyst"
"VICKY","AMOSS","Analyst"
"CEDRICK","ALLVIN","Analyst"
"MARION","ALVIAR","Analyst"
"SHERYL","AMESQUIETO","Senior Analyst"
"CLINTON","ACEITUNO","Analyst"
"MARCI","APPLEBEE","Senior Analyst"
"MILES","AGLIAM","Analyst"
"ZELMA","ANTONELLI","Senior Analyst"
"SON","AHLBORN","Analyst"
"JACKLYN","ARACENA","Analyst"
"NEVA","ANTILL","Analyst"
"JOSHUA","ABARE","Analyst"
"MIA","ANTEBY","Associate"
"LUCY","AMADI","Senior Analyst"
"VITO","AKER","Analyst"
"JO","AMBLER","Analyst"
"CRISTOBAL","ALLBRIGHT","Analyst"
"THERESA","ALSPACH","Analyst"
"RANDALL","ABINA","Analyst"
"CHADWICK","ALATOSSE","Analyst"
"XAVIER","AGUON","Analyst"
"DOMINIQUE","ANKER","Director"
"DUANE","ABUEL","Analyst"
"NORBERT","AHALT","Analyst"
"LYDIA","AMBEAU","Associate"
"JUANITA","ALTSTATT","Senior Analyst"
"KENETH","ALM","Analyst"
"DICK","AJOSE","Analyst"
"VANCE","AGUINAGA","Analyst"
"CLEMENTE","ALLAH","Analyst"
"KIRBY","AKAHI","Analyst"
"LORAINE","ANTMAN","Analyst"
"JOSEPH","AALUND","Analyst"
"PRICILLA","ARMOCIDA","Analyst"
"GLORIA","ALSAQRI","Analyst"
"Rainy","mountain","Spring"
"KRIS","AHNELL","Senior Analyst"
"DANA","ACRON","Analyst"
"BIRDIE","ARENBURG","Analyst"
"CORINNE","ANDRZEJCZYK","Analyst"
"ROBBIE","AGOSTINI","Analyst"
"KARYN","AQUIL","Analyst"
"JULIAN","ACKERLEY","Analyst"
"VIDA","ARGENBRIGHT","Analyst"
"DARYL","ACKERSON","Analyst"
"MARITZA","ANN","Analyst"
"Snowy","coastal","Autumn"
"DALLAS","ADLEY","Analyst"
"JOHNATHAN","ADCOCK","Senior Analyst"
"EUGENE","ABDI","Analyst"
"LILLIAN","ALTHEIMER","Analyst"
"RICK","ABREY","Analyst"
"DIONNE","ARAIZA","Analyst"
"JASMINE","AMSTUTZ","Analyst"
"EMILIA","ANTOLIK","Senior Manager"
"EMORY","AKERY","Director"
"CATALINA","ANTAYA","Analyst"
"ROBBIN","ARENZ","Analyst"
"MARYJANE","ARES","Senior Analyst"
"LENARD","ALECCA","Analyst"
"JAMES","APPELGATE","Analyst"
"BUD","ALEJANDRO","Analyst"
"VIOLA","AMBER","Analyst"
"LENNY","ALESCIO","Analyst"
"PERCY","AERY","Associate"
"EDWARDO","AKRIDGE","Analyst"
"MURRAY","AGUEDA","Analyst"
"NESTOR","AITKEN","Analyst"
"TIFFANI","ARMATO","Analyst"
"MILTON","ABTS","Analyst"
"EVANGELINA","AQUINO","Manager"
"FRANKIE","ADRIAN","Director"
"EULA","ANAUO","Associate"
"GRETCHEN","ANCEL","Analyst"
"BEN","ABUAITA","Analyst"
"JIMMIE","ACHILLE","Analyst"
"MAN","ALLSBROOK","Analyst"
"ODESSA","ANTKOWIAK","Associate"
"RACHELLE","ANGEVINE","Analyst"
"NILDA","AREY","Analyst"
"MICKEY","AGRAMONTE","Analyst"
"JOSEFA","APPLEWHAITE","Analyst"
"CRUZ","AKAMINE","Senior Analyst"
"NELDA","ANSLOW","Senior Analyst"
"ALPHONSE","ALBANY","Senior Manager"
"THELMA","ALTOMARE","Analyst"
"LEAH","AMBURN","Analyst"
"JEANNA","ARENIVAS","Analyst"
"Cloudy","inland","Summer"
"HORACIO","ALESSANDRINI","Analyst"
"GONZALO","AHRENSTORFF","Analyst"
"PATTIE","ARGUIN","Analyst"
"YONG","ALDERFER","Manager"
"MAE","AMENTLER","Analyst"
"WILFREDO","AGUILLARD","Analyst"
"DENISE","ALSTAD","Analyst"
"HILTON","ALGIRE","Analyst"
"TOM","ABNEY","Analyst"
"BERNIE","AKINYOOYE","Analyst"
"TRINA","ANDRIAN","Analyst"
"FANNIE","AMMIRATI","Analyst"
"RETHA","ARELLANES","Analyst"
"JOHNNY","ABEB","Analyst"
"IRVING","ADIB","Analyst"
"STEVE","ABDELDAYEN","Associate"
"EMMETT","AGBAYANI","Senior Analyst"
"SHELLIE","ARGROW","Analyst"
"ALI","AHLES","Analyst"
"HELENE","ANDRUZZI","Senior Analyst"
"Rainy","mountain","Autumn"
"LENORA","ANDRINO","Senior Analyst"
"BETTINA","ARMOUT","Senior Analyst"
"SHAUN","ADAMCZAK","Analyst"
"GERTRUDE","AMADEO","Analyst"
"KATHRYN","ALTAMIRUNO","Analyst"
"LAMONT","AGINS","Senior Analyst"
"TOMAS","ADONIS","Analyst"
"PEGGY","ALTHOUSE","Manager"
"GINO","ALDINGER","Analyst"
"OLIVER","ACY","Analyst"
"ALONZO","ADSIDE","Analyst"
"SUZETTE","APADOCA","Manager"
"JEAN","ALSBROOK","Analyst"
"JERRY","ABASCAL","Analyst"
"NICKOLAS","AILES","Analyst"
"BASIL","AIKIN","Senior Manager"
"JOSUE","AKRAM","Analyst"
"JULIETTE","APPLEMAN","Analyst"
"FLORENCE","ALTIERY","Analyst"
"OLIVE","ANCY","Analyst"
"PAUL","AANENSON","Analyst"
"INDIA","ARIZZI","Manager"
"DYLAN","AGRELA","Analyst"
"CHANCE","ALBERICO","Analyst"
"DIXIE","ANDERTON","Associate"
"BROCK","AISPURO","Analyst"
"LONG","ALLINGTON","Analyst"
"TAMMI","APADACA","Analyst"
"HOMER","ADACHI","Analyst"
"IRMA","AMBRISTER","Analyst"
"CHAUNCEY","ALEEM","Analyst"
"LARRY","ABADI","Analyst"
"ANGELITA","ARAGUS","Analyst"
"MITCH","ALBERTINE","Senior Analyst"
"EMMANUEL","AGGERS","Analyst"
"ROBERT","ARCAND","Analyst"
"ELVIA","APPELGREN","Analyst"
"TAYLOR","ANTOSH","Analyst"
"DORSEY","ALMENDAREZ","Analyst"
"WENDELL","ACREE","Analyst"
"GUSTAVO","ADKISON","Manager"
"ALLAN","ACEVES","Senior Manager"
"REYES","ALESSIO","Senior Analyst"
"WALTER","ABATE","Analyst"
"ZACHERY","AKLES","Manager"
"DAVIS","AINGE","Analyst"
"WILBURN","ALATTAR","Manager"
"NATALIE","AMALONG","Analyst"
"GERALDINE","ALVARRACIN","Senior Manager"
"LYNWOOD","ALMAZAN","Senior Analyst"
"BEVERLEY","ARCADIPANE","Analyst"
"MA","ARCIOLA","Analyst"
"ROSALIE","AMSINGER","Analyst"
"LURA","ARMENTA","Senior Analyst"
"WENDY","ALTMILLER","Analyst"
"AURELIA","APPLETON","Analyst"
"JEWEL","ALMEDA","Analyst"
"REGINALD","ABSALON","Analyst"
"DOMINGA","ARMENDARIZ","Analyst"
"BURT","ALCAIDE","Analyst"
"ROWENA","ARAUJO","Analyst"
"NOLAN","AHARONOF","Analyst"
"BRAIN","AHERNS","Analyst"
"VANESSA","ALWAZAN","Analyst"
"DEANDRE","ALCOCER","Analyst"
"ANGEL","ANAKALEA","Analyst"
"JOHNATHON","AJAYI","Analyst"
"JEREMIAH","ACRES","Analyst"
"MELLISA","ARCIERI","Senior Analyst"
"PAULETTE","ANACKER","Analyst"
"TAYLOR","ADLEMAN","Analyst"
"ALYSSA","ANCHONDO","Analyst"
"ROSITA","ARGENTI","Analyst"
"ALTON","ADDERLY","Analyst"
"CHONG","ALINE","Analyst"
"SUNG","ALEXAKIS","Analyst"
"NEAL","ADAMITIS","Senior Analyst"
"SILVIA","ANDARY","Senior Analyst"
"TOMMY","ABOUDI","Analyst"
"Cloudy","mountain","Spring"
"MARTY","ADLE","Analyst"
"Cloudy","inland","Winter"
"ERIN","ALARCON","Analyst"
"WILLIE","AMANN","Analyst"
"TRUMAN","AJANI","Senior Manager"
"DEMARCUS","ALFORD","Analyst"
"ALVIN","ABRAHAMIAN","Analyst"
"JAMIE","ACCURSO","Analyst"
"EUGENIO","ALBERDA","Senior Analyst"
"LINWOOD","AIUDI","Senior Analyst"
"MARCY","ANNICCHIARICO","Analyst"
"VALARIE","ANSTEY","Analyst"
"WINONA","ARGENAL","Analyst"
"CARMELLA","ANTOS","Director"
"MYRNA","ANDREADIS","Analyst"
"Rainy","coastal","Autumn"
"MOSES","AFANADOR","Analyst"
"KRYSTAL","AMYOTTE","Associate"
"DAREN","ALACANO","Senior Analyst"
"JORDON","ALLARA","Senior Analyst"
"MICHELE","ALVARADO","Senior Analyst"
"DARWIN","AGULIAR","Analyst"
"MACK","ADKIN","Analyst"
"NOREEN","ANTONELLO","Manager"
"ANN","ALQUICIRA","Analyst"
"GENARO","ALAM","Analyst"
"PAT","AMRHEIN","Analyst"
"DAMION","ALEXANDRE","Analyst"
"SYLVESTER","ADERMAN","Associate"
"ELBERT","ADUDDELL","Analyst"
"HELENA","ANGELLO","Senior Analyst"
"RILEY","AIKINS","Senior Analyst"
"FELIX","ACHESON","Senior Analyst"
"CLYDE","ABREGO","Analyst"
"DWAYNE","ACHEE","Senior Analyst"
"FILIBERTO","ALLGEYER","Senior Analyst"
"MILLICENT","ARAMBOLES","Senior Analyst"
"BRENDAN","AFOA","Analyst"
"CHANG","ALEFF","Manager"
"GLENDA","AMBAGIS","Senior Analyst"
"CYRIL","ALANIZ","Senior Analyst"
"CHRISTIE","ANASTACIO","Analyst"
"ROSARIO","ALEJOS","Analyst"
"STACY","ALVIN","Analyst"
"JOSEPHINE","ALTOM","Analyst"
"NATHANIAL","ALLANSON","Analyst"
"FRAN","APOLLO","Analyst"
"TANNER","ALDRED","Analyst"
"JACKIE","AMAT","Analyst"
"ANGELIA","ANHORN","Analyst"
"JUDSON","ALDI","Analyst"
"LEOLA","ANGIANO","Analyst"
"ERMA","AMPHY","Analyst"
"LARA","ANNESE","Senior Analyst"
"TABITHA","ANDRADE","Analyst"
"DAMIEN","AGUINIGA","Analyst"
"EVERETT","ACHILLES","Analyst"
"RENATO","ALKBSH","Analyst"
"ROMEO","AINSLEY","Analyst"
"AMPARO","APUZZI","Analyst"
"SHANDA","ARJONA","Analyst"
"JOSE","ABAD","Analyst"
"JENNIFER","ALMODOVA","Analyst"
"DOMINGO","AGAR","Analyst"
"CHRISTIN","ARIGO","Analyst"
"DILLON","ALERT","Analyst"
"RUBIN","ALBERTHAL","Analyst"
"ALTA","ANGILELLO","Analyst"
"RODOLFO","ADELSBERG","Associate"
"OLIVIA","AMOAKO","Analyst"
"RAE","ANTHIS","Analyst"
"WESTON","ALBRO","Analyst"
"KATIE","ALWARDT","Senior Analyst"
"LEANN","ANSBRO","Manager"
"MELODY","AMO","Analyst"
"STEFAN","AITKINS","Analyst"
"KIM","ALTOBELL","Analyst"
"SHANA","ANGLEMYER","Analyst"
"Rainy","inland","Winter"
"CHRISTAL","ARMANDO","Analyst"
"FRANKLIN","ABUGN","Analyst"
"ATHENA","ARGUETA","Analyst"
